date,open,max,min,close,adj close,volumn
2018-11-15,71.55999755859375,72.19999694824219,68.41999816894531,71.55999755859375,68.0563735961914,177305
2018-11-16,68.41000366210938,69.88999938964844,67.80999755859375,68.41000366210938,65.06060791015625,42750
2018-11-19,68.5,70.0,68.41000366210938,68.5,65.14619445800781,41000
2018-11-20,68.95999908447266,69.5,68.01000213623047,68.95999908447266,65.58367919921875,78000
2018-11-21,73.4000015258789,73.4000015258789,68.0,73.4000015258789,69.80628967285156,108679
2018-11-22,73.30000305175781,74.5,72.0,73.30000305175781,69.71118927001953,83788
2018-11-23,72.0,73.0,71.0199966430664,72.0,68.47483825683594,16000
2018-11-26,72.48999786376953,72.48999786376953,71.41000366210938,72.48999786376953,68.94084930419922,15023
2018-11-27,76.30000305175781,76.30000305175781,71.68000030517578,76.30000305175781,72.56430053710938,139875
2018-11-28,75.19999694824219,76.33999633789062,73.01000213623047,75.19999694824219,71.51815032958984,78600
2018-11-29,76.0,77.0999984741211,74.4000015258789,76.0,72.27899169921875,191561
2018-11-30,80.79000091552734,80.9000015258789,76.0,80.79000091552734,76.83446502685547,71493
2018-12-03,81.80000305175781,82.0,78.01000213623047,81.80000305175781,77.79501342773438,127981
2018-12-04,80.48999786376953,81.98999786376953,79.27999877929688,80.48999786376953,76.54914855957031,90550
2018-12-05,81.0,81.0,79.0,81.0,77.03418731689453,102200
2018-12-06,80.0,80.5999984741211,79.80000305175781,80.0,76.08313751220703,46270
2018-12-07,80.25,80.88999938964844,80.19999694824219,80.25,76.3208999633789,34000
2018-12-10,80.0999984741211,80.26000213623047,79.0199966430664,80.0999984741211,76.1782455444336,46000
2018-12-11,84.94000244140625,86.5,80.0999984741211,84.94000244140625,80.78128051757812,142692
2018-12-12,90.38999938964844,90.4000015258789,84.9800033569336,90.38999938964844,85.96443939208984,234839
2018-12-13,89.70999908447266,90.5,88.51000213623047,89.70999908447266,85.31773376464844,122516
2018-12-14,90.11000061035156,90.30000305175781,89.0,90.11000061035156,85.69815826416016,85565
2018-12-17,91.2300033569336,93.7699966430664,89.5999984741211,91.2300033569336,86.76332092285156,132050
2018-12-18,90.44000244140625,92.0,89.11000061035156,90.44000244140625,86.01200103759766,107400
2018-12-19,90.30000305175781,90.5,89.5999984741211,90.30000305175781,85.87885284423828,85917
2018-12-20,87.80999755859375,90.30000305175781,87.80999755859375,87.80999755859375,83.5107650756836,121251
2018-12-21,88.80000305175781,89.0,87.5999984741211,88.80000305175781,84.4522933959961,59078
2018-12-24,88.69999694824219,88.98999786376953,88.5999984741211,88.69999694824219,84.357177734375,11000
2018-12-25,88.66000366210938,89.0,88.01000213623047,88.66000366210938,84.31914520263672,9000
2018-12-26,90.5,90.98999786376953,88.66999816894531,90.5,86.06906127929688,28089
2018-12-27,94.98999786376953,95.05000305175781,90.51000213623047,94.98999786376953,90.33922576904297,374438
2018-12-28,90.0,95.38999938964844,88.80999755859375,90.0,85.59354400634766,81844
2019-01-02,90.20999908447266,91.0,90.20999908447266,90.20999908447266,85.79325866699219,38530
2019-01-03,91.80000305175781,92.4800033569336,90.98999786376953,91.80000305175781,87.30541229248047,34700
2019-01-04,92.0,92.0,91.01000213623047,92.0,87.49562072753906,37700
2019-01-07,94.0,95.19000244140625,92.0,94.0,89.39769744873047,66500
2019-01-08,93.01000213623047,94.0,93.0,93.01000213623047,88.45616912841797,16000
2019-01-09,94.87999725341797,95.48999786376953,93.98999786376953,94.87999725341797,90.23461151123047,97800
2019-01-10,100.31999969482422,100.38999938964844,95.25,100.31999969482422,95.40826416015625,270403
2019-01-11,102.0,105.98999786376953,100.0,102.0,97.0060043334961,345075
2019-01-14,102.0,103.13999938964844,98.0,102.0,97.0060043334961,131300
2019-01-15,102.0,103.5,101.0,102.0,97.0060043334961,97800
2019-01-16,101.4000015258789,103.69999694824219,101.0,101.4000015258789,96.43539428710938,80400
2019-01-17,98.83000183105469,102.33999633789062,96.0,98.83000183105469,93.9912109375,226915
2019-01-18,100.5,100.63999938964844,98.83000183105469,100.5,95.5794448852539,56436
2019-01-21,100.0,101.48999786376953,98.0,100.0,95.10393524169922,64101
2019-01-22,99.5199966430664,100.4000015258789,99.5,99.5199966430664,94.64742279052734,23591
2019-01-23,101.88999938964844,103.36000061035156,99.98999786376953,101.88999938964844,96.90139770507812,109313
2019-01-24,101.01000213623047,102.0,98.5,101.01000213623047,96.06448364257812,122308
2019-01-25,101.0999984741211,101.98999786376953,100.01000213623047,101.0999984741211,96.15007781982422,43600
2019-01-28,100.0,101.19000244140625,99.72000122070312,100.0,95.10393524169922,15000
2019-01-29,100.83000183105469,101.05999755859375,100.30999755859375,100.83000183105469,95.89330291748047,12000
2019-01-30,101.5,103.30000305175781,100.51000213623047,101.5,96.5304946899414,30601
2019-02-11,107.0,107.0,101.0,107.0,101.76119995117188,176225
2019-02-12,107.5,108.88999938964844,105.30000305175781,107.5,102.23673248291016,131650
2019-02-13,116.0,116.0,107.98999786376953,116.0,110.32056427001953,313793
2019-02-14,118.87999725341797,121.05000305175781,115.01000213623047,118.87999725341797,113.05955505371094,149503
2019-02-15,116.58999633789062,119.98999786376953,115.0199966430664,116.58999633789062,110.88166809082031,126809
2019-02-18,116.33999633789062,117.3499984741211,114.5,116.33999633789062,110.64390563964844,50452
2019-02-19,118.5999984741211,120.48999786376953,116.0,118.5999984741211,112.79325866699219,239048
2019-02-20,117.5,119.98999786376953,115.0,117.5,111.74712371826172,143571
2019-02-21,117.5999984741211,117.98999786376953,113.01000213623047,117.5999984741211,111.84223175048828,34426
2019-02-22,118.98999786376953,119.69000244140625,117.69000244140625,118.98999786376953,113.1641616821289,64170
2019-02-25,118.5999984741211,119.62999725341797,116.94000244140625,118.5999984741211,112.79325866699219,46900
2019-02-26,117.5,119.80000305175781,117.0,117.5,111.74712371826172,65702
2019-02-27,117.08999633789062,117.47000122070312,116.61000061035156,117.08999633789062,111.35719299316406,21180
2019-03-04,117.38999938964844,117.98999786376953,116.91000366210938,117.38999938964844,111.64250183105469,21100
2019-03-05,118.5999984741211,119.87000274658203,117.38999938964844,118.5999984741211,112.79325866699219,134594
2019-03-06,118.51000213623047,119.48999786376953,117.5,118.51000213623047,112.70767211914062,29202
2019-03-07,118.98999786376953,119.41999816894531,118.01000213623047,118.98999786376953,113.1641616821289,52300
2019-03-08,118.51000213623047,119.08999633789062,117.51000213623047,118.51000213623047,112.70767211914062,62150
2019-03-11,115.91000366210938,117.61000061035156,113.01000213623047,115.91000366210938,110.23497772216797,118650
2019-03-12,117.33999633789062,117.3499984741211,116.5,117.33999633789062,111.59495544433594,10650
2019-03-13,117.33999633789062,117.4000015258789,116.61000061035156,117.33999633789062,111.59495544433594,26310
2019-03-14,116.98999786376953,117.5,116.0,116.98999786376953,111.2620849609375,63851
2019-03-15,117.0,117.5,116.62999725341797,117.0,111.27159881591797,22225
2019-03-18,117.25,117.25,116.38999938964844,117.25,111.50936126708984,18700
2019-03-19,117.0,117.48999786376953,116.4000015258789,117.0,111.27159881591797,68251
2019-03-20,117.19999694824219,117.5,116.63999938964844,117.19999694824219,111.46180725097656,29500
2019-03-21,115.5999984741211,117.0,114.63999938964844,115.5999984741211,109.94014739990234,90120
2019-03-22,115.3499984741211,115.3499984741211,110.20999908447266,115.3499984741211,109.702392578125,184751
2019-03-25,113.38999938964844,113.38999938964844,110.20999908447266,113.38999938964844,107.83834838867188,64000
2019-03-26,113.0,113.5999984741211,112.66000366210938,113.0,107.46744537353516,50500
2019-03-27,113.4000015258789,113.48999786376953,112.69000244140625,113.4000015258789,107.84785461425781,11740
2019-03-28,107.5,113.19999694824219,106.66000366210938,107.5,102.23673248291016,155400
2019-03-29,109.0,109.48999786376953,106.01000213623047,109.0,103.66328430175781,55156
2019-04-01,112.75,115.33999633789062,108.52999877929688,112.75,107.22968292236328,100050
2019-04-02,113.0,113.75,112.5,113.0,107.46744537353516,71101
2019-04-03,112.16999816894531,113.3499984741211,110.0,112.16999816894531,106.67807006835938,84627
2019-04-08,108.30999755859375,111.0,107.08000183105469,108.30999755859375,103.00706481933594,124712
2019-04-09,102.0,107.5,101.01000213623047,102.0,97.0060043334961,188065
2019-04-10,105.98999786376953,105.98999786376953,100.01000213623047,105.98999786376953,100.80065155029297,257874
2019-04-11,102.98999786376953,104.19999694824219,101.01000213623047,102.98999786376953,97.94754028320312,117002
2019-04-12,99.5,103.9800033569336,99.0,99.5,94.62841033935547,188752
2019-04-15,103.4000015258789,104.30999755859375,99.5,103.4000015258789,98.33746337890625,90001
2019-04-16,105.44999694824219,105.68000030517578,102.5,105.44999694824219,100.2870864868164,42850
2019-04-17,107.81999969482422,109.4800033569336,105.80000305175781,107.81999969482422,102.54106140136719,120929
2019-04-18,106.58999633789062,108.98999786376953,104.5,106.58999633789062,101.37127685546875,103152
2019-04-19,109.0,109.33000183105469,106.5,109.0,103.66328430175781,43104
2019-04-22,108.44999694824219,109.9800033569336,108.11000061035156,108.44999694824219,103.14021301269531,36051
2019-04-23,108.0,109.98999786376953,107.0,108.0,102.71224212646484,37701
2019-04-24,107.98999786376953,109.0,106.18000030517578,107.98999786376953,102.7027359008789,28205
2019-04-25,107.19999694824219,107.19999694824219,106.66000366210938,107.19999694824219,101.95140838623047,14001
2019-04-26,106.48999786376953,106.7699966430664,104.30999755859375,106.48999786376953,101.27617645263672,36512
2019-04-29,106.04000091552734,106.9800033569336,105.68000030517578,106.04000091552734,100.84820556640625,29305
2019-04-30,108.5,109.0,105.68000030517578,108.5,103.18775939941406,30003
2019-05-02,108.0199966430664,108.33000183105469,107.5,108.0199966430664,102.73126983642578,15002
2019-05-03,112.0,112.0,108.0,112.0,106.51639556884766,118510
2019-05-06,111.80000305175781,113.29000091552734,109.0199966430664,111.80000305175781,106.3261947631836,93116
2019-05-07,115.30000305175781,116.4000015258789,111.19000244140625,115.30000305175781,109.65483093261719,191024
2019-05-08,114.98999786376953,115.44000244140625,113.0,114.98999786376953,109.3600082397461,44106
2019-05-09,111.31999969482422,114.98999786376953,109.86000061035156,111.31999969482422,105.86969757080078,82301
2019-05-10,113.98999786376953,115.30000305175781,111.31999969482422,113.98999786376953,108.40896606445312,131003
2019-05-13,109.4800033569336,113.41999816894531,108.44000244140625,109.4800033569336,104.11978912353516,124701
2019-05-14,108.88999938964844,108.98999786376953,104.11000061035156,108.88999938964844,103.55867004394531,71754
2019-05-15,108.0999984741211,108.98999786376953,106.66999816894531,108.0999984741211,102.80734252929688,37968
2019-05-16,107.31999969482422,108.0999984741211,106.66999816894531,107.31999969482422,102.06554412841797,50701
2019-05-17,106.80000305175781,106.9000015258789,105.83999633789062,106.80000305175781,101.57099914550781,56302
2019-05-20,102.5,106.0,96.12000274658203,102.5,97.48153686523438,167308
2019-05-21,104.54000091552734,104.54000091552734,101.0199966430664,104.54000091552734,99.4216537475586,45606
2019-05-22,104.80000305175781,105.08999633789062,104.0,104.80000305175781,99.6689224243164,32704
2019-05-23,103.80000305175781,104.58999633789062,103.0,103.80000305175781,98.71788024902344,35007
2019-05-24,104.30999755859375,104.48999786376953,103.68000030517578,104.30999755859375,99.2029037475586,18014
2019-05-27,103.5,104.47000122070312,103.5,103.5,98.43257141113281,31203
2019-05-28,103.5999984741211,103.5999984741211,102.80000305175781,103.5999984741211,98.52767181396484,1002
2019-05-29,102.98999786376953,103.58999633789062,102.4800033569336,102.98999786376953,97.94754028320312,21505
2019-05-30,104.29000091552734,104.48999786376953,102.98999786376953,104.29000091552734,99.18389129638672,12006
2019-05-31,104.29000091552734,104.4800033569336,103.51000213623047,104.29000091552734,99.18389129638672,12506
2019-06-03,103.30999755859375,104.4800033569336,102.19000244140625,103.30999755859375,98.25186920166016,37005
2019-06-04,102.04000091552734,103.69000244140625,101.38999938964844,102.04000091552734,97.04405975341797,60009
2019-06-05,101.88999938964844,103.41000366210938,101.08000183105469,101.88999938964844,96.90139770507812,17803
2019-06-06,99.98999786376953,102.30000305175781,97.8499984741211,99.98999786376953,95.09442138671875,98659
2019-06-10,99.80999755859375,100.41000366210938,99.37000274658203,99.80999755859375,94.92322540283203,67953
2019-06-11,100.3499984741211,100.41000366210938,99.88999938964844,100.3499984741211,95.4367904663086,19102
2019-06-12,100.31999969482422,100.61000061035156,99.9000015258789,100.31999969482422,95.40826416015625,25803
2019-06-13,102.01000213623047,104.0,100.30000305175781,102.01000213623047,97.0155258178711,32109
2019-06-14,102.79000091552734,104.0999984741211,101.68000030517578,102.79000091552734,97.75733947753906,54808
2019-06-17,100.98999786376953,103.19000244140625,99.52999877929688,100.98999786376953,96.04545593261719,70314
2019-06-18,101.08000183105469,101.08999633789062,100.0,101.08000183105469,96.13105773925781,4102
2019-06-19,100.91000366210938,102.0,100.01000213623047,100.91000366210938,95.9693832397461,68446
2019-06-20,100.58000183105469,100.72000122070312,99.70999908447266,100.58000183105469,95.6555404663086,18155
2019-06-21,100.29000091552734,100.58000183105469,99.5199966430664,100.29000091552734,95.3797378540039,32754
2019-06-24,100.44999694824219,100.80999755859375,99.5199966430664,100.44999694824219,95.53189849853516,33172
2019-06-25,100.83000183105469,101.9800033569336,100.45999908447266,100.83000183105469,95.89330291748047,22505
2019-06-26,101.80999755859375,101.80999755859375,100.0,100.81999969482422,95.88377380371094,14103
2019-06-27,100.9800033569336,101.98999786376953,100.91000366210938,101.48999786376953,96.52098083496094,11409
2019-06-28,101.48999786376953,104.20999908447266,100.5,104.20999908447266,99.10780334472656,15204
2019-07-01,101.7300033569336,102.9800033569336,101.0,102.9800033569336,97.93803405761719,8187
2019-07-02,102.98999786376953,102.98999786376953,101.0,102.19000244140625,97.18670654296875,13507
2019-07-03,102.0,102.31999969482422,101.5199966430664,102.31999969482422,97.31034088134766,24094
2019-07-04,102.12000274658203,103.0,101.41000366210938,101.5999984741211,96.6255874633789,29706
2019-07-05,102.37000274658203,102.91999816894531,102.0199966430664,102.41999816894531,97.40544128417969,17160
2019-07-08,102.5,102.75,101.9800033569336,102.29000091552734,97.28180694580078,32001
2019-07-09,102.29000091552734,105.33000183105469,102.29000091552734,104.94000244140625,99.80206298828125,137729
2019-07-10,107.0,107.0,104.5,105.94000244140625,100.75310516357422,37474
2019-07-11,104.0,105.9800033569336,102.9000015258789,103.9800033569336,98.88906860351562,37518
2019-07-12,103.9800033569336,104.98999786376953,103.51000213623047,104.98999786376953,99.84961700439453,21276
2019-07-15,104.98999786376953,107.98999786376953,104.01000213623047,104.70999908447266,99.58332824707031,82432
2019-07-16,104.80000305175781,105.48999786376953,103.93000030517578,105.48999786376953,100.32513427734375,56749
2019-07-17,106.0,107.38999938964844,105.5,106.19999694824219,101.00037384033203,106162
2019-07-18,106.98999786376953,106.98999786376953,104.01000213623047,105.0,99.859130859375,43303
2019-07-19,105.31999969482422,106.29000091552734,104.45999908447266,105.8499984741211,100.66751098632812,24106
2019-07-22,105.8499984741211,105.8499984741211,103.51000213623047,103.93000030517578,98.84151458740234,59272
2019-07-23,103.01000213623047,103.5999984741211,102.5999984741211,103.30000305175781,98.24236297607422,45502
2019-07-24,103.5,105.69999694824219,103.5,104.5,99.38360595703125,46608
2019-07-25,104.5999984741211,104.5999984741211,103.27999877929688,104.31999969482422,99.21241760253906,8202
2019-07-26,104.51000213623047,105.12999725341797,104.0199966430664,105.04000091552734,99.89717102050781,29507
2019-07-29,105.05000305175781,105.26000213623047,104.5,105.20999908447266,100.05884552001953,17002
2019-07-30,105.20999908447266,105.30999755859375,104.80000305175781,105.30000305175781,100.14444732666016,9002
2019-07-31,104.77999877929688,105.11000061035156,104.0,104.9800033569336,99.8401107788086,42503
2019-08-01,104.9800033569336,104.9800033569336,100.0,100.62000274658203,95.69357299804688,89727
2019-08-02,100.0,100.30000305175781,94.9000015258789,99.80000305175781,94.91372680664062,256715
2019-08-05,98.19999694824219,98.98999786376953,96.9000015258789,98.77999877929688,93.94365692138672,47403
2019-08-06,96.5,97.0,94.19999694824219,96.38999938964844,91.67068481445312,131803
2019-08-07,97.0,98.0,96.5,97.80000305175781,93.01165008544922,40603
2019-08-08,97.19000244140625,100.0,96.41000366210938,97.4800033569336,92.70731353759766,53713
2019-08-12,98.0,99.0,97.0,98.87000274658203,94.02926635742188,31902
2019-08-13,96.80999755859375,98.0,96.01000213623047,98.0,93.20185089111328,17751
2019-08-14,99.0,99.98999786376953,98.3499984741211,99.98999786376953,95.09442138671875,23725
2019-08-15,100.0,100.0,97.70999908447266,99.37999725341797,94.5142822265625,17662
2019-08-16,99.37999725341797,99.37999725341797,97.01000213623047,99.2699966430664,94.40967559814453,31852
2019-08-19,99.2699966430664,99.30999755859375,97.45999908447266,99.29000091552734,94.42869567871094,38538
2019-08-20,99.29000091552734,103.98999786376953,99.29000091552734,103.0,97.95704650878906,54863
2019-08-21,103.29000091552734,104.22000122070312,102.5199966430664,103.51000213623047,98.44208526611328,86070
2019-08-22,104.22000122070312,104.48999786376953,101.68000030517578,102.5,97.48153686523438,80481
2019-08-23,103.4000015258789,103.9800033569336,101.0,101.98999786376953,96.99650573730469,50001
2019-08-26,101.79000091552734,101.79000091552734,98.80000305175781,101.0,96.05497741699219,22113
2019-08-27,101.0,101.0,98.80000305175781,100.16999816894531,95.2656021118164,17302
2019-08-28,100.30000305175781,100.30000305175781,98.5999984741211,99.38999938964844,94.52379608154297,37115
2019-08-29,99.98999786376953,100.0,98.5,99.2699966430664,94.40967559814453,21003
2019-08-30,99.2699966430664,100.30999755859375,98.98999786376953,100.0,95.10393524169922,93158
2019-09-02,100.0,102.31999969482422,99.69000244140625,102.30999755859375,97.30083465576172,36471
2019-09-03,102.30999755859375,103.6500015258789,101.69000244140625,102.5,97.95600128173828,74230
2019-09-04,103.0999984741211,104.31999969482422,101.19000244140625,104.2300033569336,99.60931396484375,74637
2019-09-05,104.2300033569336,104.2300033569336,101.68000030517578,102.30000305175781,97.7648696899414,46134
2019-09-06,101.38999938964844,103.48999786376953,101.18000030517578,102.30000305175781,97.7648696899414,12004
2019-09-10,100.0,101.0,98.79000091552734,99.88999938964844,95.46170806884766,70204
2019-09-11,99.0,99.97000122070312,98.69000244140625,99.88999938964844,95.46170806884766,65452
2019-09-12,99.88999938964844,101.97000122070312,99.88999938964844,101.97000122070312,97.44949340820312,32202
2019-09-16,101.98999786376953,102.0,100.70999908447266,101.81999969482422,97.30614471435547,29002
2019-09-17,100.5,100.5,99.0,99.9000015258789,95.47126770019531,22101
2019-09-18,99.98999786376953,100.29000091552734,98.72000122070312,99.9800033569336,95.54772186279297,76202
2019-09-19,98.69999694824219,99.9800033569336,96.01000213623047,98.4000015258789,94.03775787353516,79504
2019-09-20,98.38999938964844,98.38999938964844,95.70999908447266,97.80000305175781,93.46436309814453,55819
2019-09-23,97.98999786376953,98.30000305175781,96.19999694824219,97.4000015258789,93.08209228515625,91567
2019-09-24,97.30000305175781,97.38999938964844,95.19999694824219,96.98999786376953,92.69026947021484,208805
2019-09-25,97.0,97.0,95.75,96.79000091552734,92.49913787841797,15361
2019-09-26,96.79000091552734,97.4000015258789,96.79000091552734,97.4000015258789,93.08209228515625,30610
2019-09-27,96.69999694824219,99.9800033569336,96.38999938964844,99.0999984741211,94.70672607421875,118010
2019-10-01,99.30000305175781,99.30000305175781,98.01000213623047,98.5,94.13333129882812,16225
2019-10-02,98.98999786376953,99.5,98.19000244140625,99.0,94.61116790771484,93000
2019-10-03,99.30000305175781,100.0,98.29000091552734,99.5,95.08899688720703,103800
2019-10-04,98.0199966430664,99.29000091552734,97.7300033569336,98.98999786376953,94.60160064697266,69102
2019-10-07,98.98999786376953,101.12000274658203,98.69999694824219,100.5999984741211,96.14022827148438,125762
2019-10-08,100.5999984741211,100.5999984741211,99.19000244140625,99.98999786376953,95.5572738647461,18008
2019-10-09,100.0,100.80999755859375,97.69999694824219,99.80000305175781,95.37570190429688,87846
2019-10-14,98.75,99.80000305175781,98.02999877929688,99.30000305175781,94.89787292480469,8204
2019-10-15,99.30000305175781,99.30000305175781,98.18000030517578,98.69000244140625,94.31491088867188,48476
2019-10-16,98.33999633789062,98.9800033569336,97.58999633789062,97.58999633789062,93.26366424560547,56676
2019-10-17,97.0,98.0,97.0,97.98999786376953,93.64593505859375,43317
2019-10-18,97.98999786376953,98.48999786376953,97.69000244140625,98.0,93.6554946899414,21600
2019-10-21,98.0,98.30000305175781,98.0,98.30000305175781,93.94219970703125,23000
2019-10-22,98.30000305175781,98.30000305175781,97.38999938964844,98.25,93.8944091796875,39360
2019-10-23,98.20999908447266,99.41000366210938,97.9000015258789,99.0,94.61116790771484,47201
2019-10-24,99.0,99.30999755859375,99.0,99.0,94.61116790771484,9600
2019-10-25,98.69000244140625,99.08999633789062,98.48999786376953,98.80000305175781,94.42003631591797,10600
2019-10-28,98.9000015258789,99.0,98.0,98.0,93.6554946899414,9000
2019-10-29,97.01000213623047,98.98999786376953,97.01000213623047,97.5,93.17765808105469,39450
2019-10-30,98.0,98.19000244140625,95.0,96.0,91.74415588378906,125190
2019-10-31,96.88999938964844,96.88999938964844,92.16999816894531,93.4800033569336,89.33587646484375,147846
2019-11-01,92.80999755859375,93.0,84.55999755859375,91.5,87.44365692138672,247600
2019-11-04,89.5,91.5,89.5,90.5,86.48798370361328,78700
2019-11-05,92.27999877929688,92.27999877929688,91.0,91.7699966430664,87.70167541503906,19000
2019-11-06,92.27999877929688,92.27999877929688,91.0,91.7699966430664,87.70167541503906,19000
2019-11-07,92.2699966430664,92.9800033569336,92.0,92.9800033569336,88.85803985595703,15001
2019-11-08,92.2699966430664,92.9800033569336,92.0,92.9800033569336,88.85803985595703,15001
2019-11-11,90.58999633789062,92.4800033569336,90.58999633789062,92.27999877929688,88.18907165527344,13136
2019-11-12,91.5,92.29000091552734,91.5,92.29000091552734,88.19862365722656,25100
2019-11-13,92.73999786376953,95.19999694824219,92.73999786376953,94.98999786376953,90.77893829345703,11352
2019-11-14,92.73999786376953,95.19999694824219,92.73999786376953,94.98999786376953,90.77893829345703,11352
2019-11-15,94.98999786376953,96.0,94.69999694824219,95.58999633789062,91.35233306884766,42710
2019-11-18,95.88999938964844,96.0,93.01000213623047,94.2300033569336,90.05262756347656,87510
2019-11-19,94.94000244140625,96.48999786376953,94.58000183105469,95.0,90.78849029541016,117200
2019-11-20,95.79000091552734,96.36000061035156,95.19999694824219,95.7300033569336,91.48612976074219,151280
2019-11-21,96.0,96.30000305175781,95.51000213623047,96.0,91.74415588378906,80300
2019-11-22,98.01000213623047,104.0,97.69999694824219,102.0,97.47816467285156,197601
2019-11-25,102.98999786376953,105.0,101.55999755859375,103.30000305175781,98.72053527832031,305431
2019-11-26,102.0,103.0,100.69999694824219,100.69999694824219,96.23579406738281,104650
2019-11-27,101.93000030517578,101.93000030517578,99.01000213623047,99.19000244140625,94.7927474975586,84695
2019-11-28,100.80000305175781,102.0,100.66999816894531,101.01000213623047,96.53205871582031,68200
2019-11-29,100.8499984741211,101.98999786376953,99.61000061035156,100.9800033569336,96.5033950805664,74105
2019-12-02,100.68000030517578,101.0,99.69999694824219,100.0,95.56683349609375,40620
2019-12-03,99.04000091552734,100.0,97.86000061035156,98.0199966430664,93.67460632324219,110374
2019-12-04,98.77999877929688,98.77999877929688,97.4000015258789,97.41999816894531,93.1011962890625,95242
2019-12-05,97.72000122070312,99.30000305175781,97.72000122070312,99.0,94.61116790771484,33010
2019-12-06,99.18000030517578,99.30000305175781,98.0,99.30000305175781,94.89787292480469,45023
2019-12-09,99.30000305175781,99.5999984741211,98.0,98.0,93.6554946899414,125900
2019-12-10,98.75,98.75,96.51000213623047,98.0,93.6554946899414,94050
2019-12-11,97.30000305175781,99.98999786376953,96.0,99.98999786376953,95.5572738647461,158206
2019-12-12,92.0,96.0,92.0,93.19999694824219,89.06829071044922,1903223
2019-12-13,93.19999694824219,94.19999694824219,89.5999984741211,90.0,86.0101547241211,1106050
2019-12-16,90.0999984741211,92.0,90.0,91.5999984741211,87.53921508789062,1000
2019-12-17,92.0999984741211,93.0,90.80000305175781,91.5,87.44365692138672,318300
2019-12-18,91.9000015258789,91.9000015258789,90.69999694824219,91.5999984741211,87.53921508789062,285210
2019-12-19,91.5999984741211,94.4000015258789,91.5999984741211,92.69999694824219,88.5904541015625,516753
2019-12-20,92.0999984741211,92.9000015258789,90.0999984741211,90.5999984741211,86.58354949951172,314254
2019-12-23,91.19999694824219,91.19999694824219,90.0999984741211,90.0999984741211,86.10572052001953,146738
2019-12-24,90.0999984741211,90.5,87.9000015258789,88.5,84.5766372680664,276425
2019-12-25,88.0,89.5,88.0,89.5,85.53231048583984,164489
2019-12-26,89.0,89.5,88.30000305175781,88.4000015258789,84.4810791015625,132521
2019-12-27,88.80000305175781,94.0,88.30000305175781,92.30000305175781,88.20818328857422,589204
2019-12-30,93.69999694824219,93.69999694824219,90.80000305175781,91.80000305175781,87.73036193847656,219190
2019-12-31,91.5999984741211,92.19999694824219,90.69999694824219,90.9000015258789,86.87025451660156,190100
2020-01-02,91.0,95.19999694824219,91.0,93.80000305175781,89.64169311523438,499428
2020-01-03,92.9000015258789,93.0,90.19999694824219,91.0,86.9658203125,386000
2020-01-06,90.5999984741211,91.0,89.4000015258789,89.4000015258789,85.4367446899414,211050
2020-01-07,89.9000015258789,89.9000015258789,88.0,88.30000305175781,84.38551330566406,194400
2020-01-08,88.30000305175781,88.80000305175781,88.0999984741211,88.19999694824219,84.28993225097656,94000
2020-01-09,88.0999984741211,88.0999984741211,87.19999694824219,87.80000305175781,83.90767669677734,204200
2020-01-10,89.19999694824219,93.0,89.19999694824219,92.0,87.9214859008789,454133
2020-01-13,90.80000305175781,92.0,90.69999694824219,92.0,87.9214859008789,113157
2020-01-14,92.69999694824219,101.0,92.5,100.0,95.56683349609375,2002127
2020-01-15,98.0,103.0,97.5,101.5,97.00033569335938,1798500
2020-01-16,102.0,108.0,100.5,105.0,100.34516906738281,1281868
2020-01-17,105.5,111.0,103.5,108.5,103.69001007080078,1208572
2020-01-20,108.0,109.0,103.5,107.0,102.25650787353516,761892
2020-01-30,96.4000015258789,99.69999694824219,96.30000305175781,96.30000305175781,92.0308609008789,958700
2020-01-31,95.0,99.19999694824219,93.19999694824219,97.0,92.6998291015625,680300
2020-02-03,93.5999984741211,96.69999694824219,90.80000305175781,95.0,90.78849029541016,409300
2020-02-04,90.0999984741211,95.9000015258789,90.0999984741211,95.9000015258789,91.64859771728516,284350
2020-02-05,95.5,96.30000305175781,94.30000305175781,94.5999984741211,90.40621948242188,169170
2020-02-06,94.5,97.80000305175781,94.5,96.0,91.74415588378906,347159
2020-02-07,98.0,105.5,97.0,103.5,98.91166687011719,1885360
2020-02-10,100.5,103.5,100.0,103.0,98.43383026123047,1058205
2020-02-11,104.0,109.5,103.0,108.0,103.21217346191406,1361750
2020-02-12,109.0,109.0,105.5,106.0,101.30084228515625,940460
2020-02-13,104.0,105.5,102.5,103.5,98.91166687011719,825134
2020-02-14,104.5,113.5,103.5,113.5,108.46834564208984,2552753
2020-02-17,109.0,115.0,107.0,113.5,108.46834564208984,1689389
2020-02-18,111.0,114.0,108.0,108.5,103.69001007080078,1306712
2020-02-19,109.0,118.0,109.0,116.5,111.33536529541016,1601611
2020-02-20,116.0,119.0,113.5,116.5,111.33536529541016,1161935
2020-02-21,116.5,117.0,113.0,114.5,109.42401885986328,749049
2020-02-24,111.0,112.5,109.5,109.5,104.64568328857422,778665
2020-02-25,106.0,113.5,106.0,111.0,106.07917785644531,843814
2020-02-26,109.0,111.5,107.0,108.5,103.69001007080078,501300
2020-02-27,110.0,110.0,100.0,103.0,98.43383026123047,977612
2020-03-02,97.4000015258789,104.5,97.30000305175781,102.0,97.47816467285156,421666
2020-03-03,104.5,105.0,100.5,103.5,98.91166687011719,606300
2020-03-04,103.0,103.5,99.69999694824219,100.0,95.56683349609375,407950
2020-03-05,102.5,105.0,101.0,103.0,98.43383026123047,444544
2020-03-06,101.5,102.5,100.5,101.5,97.00033569335938,242060
2020-03-09,99.30000305175781,101.0,92.0,92.0,87.9214859008789,727903
2020-03-10,89.5,91.69999694824219,88.69999694824219,91.5,87.44365692138672,686853
2020-03-11,92.30000305175781,93.5999984741211,90.0999984741211,90.19999694824219,86.20127868652344,459240
2020-03-12,88.0,88.0,81.19999694824219,81.4000015258789,77.79139709472656,889157
2020-03-13,73.30000305175781,80.9000015258789,73.30000305175781,80.9000015258789,77.31356048583984,636240
2020-03-16,79.0,79.9000015258789,73.0,73.0999984741211,69.8593521118164,362000
2020-03-17,67.5,73.5999984741211,67.0,71.0,67.85244750976562,400000
2020-03-18,72.0999984741211,73.0,67.19999694824219,69.9000015258789,66.80121612548828,313103
2020-03-19,67.0,67.0999984741211,63.0,63.0,60.20710372924805,392261
2020-03-20,65.0,69.30000305175781,65.0,69.30000305175781,66.22781372070312,316824
2020-03-23,65.5,69.0,63.900001525878906,67.0,64.02977752685547,241010
2020-03-24,69.0999984741211,72.9000015258789,68.4000015258789,71.9000015258789,68.71255493164062,184000
2020-03-25,74.5,77.80000305175781,73.19999694824219,73.80000305175781,70.52832794189453,254050
2020-03-26,73.80000305175781,75.5999984741211,70.69999694824219,73.5,70.24162292480469,165040
2020-03-27,75.0,75.5,71.80000305175781,73.80000305175781,70.52832794189453,198220
2020-03-30,70.5999984741211,74.5,70.0,74.5,71.1972885131836,329015
2020-03-31,74.9000015258789,76.0,73.69999694824219,75.0,71.67512512207031,254000
2020-04-01,73.5,75.19999694824219,73.5,75.0,71.67512512207031,140210
2020-04-06,76.30000305175781,82.5,75.4000015258789,82.5,78.84263610839844,458800
2020-04-07,85.0,87.69999694824219,83.5,86.19999694824219,82.37860107421875,537813
2020-04-08,85.5,87.9000015258789,84.4000015258789,87.9000015258789,84.00324249267578,253150
2020-04-09,87.80000305175781,89.69999694824219,86.5,87.80000305175781,83.90767669677734,253050
2020-04-10,87.80000305175781,87.80000305175781,86.0,87.5999984741211,83.71653747558594,150050
2020-04-13,86.0,87.80000305175781,85.5,85.9000015258789,82.09190368652344,200160
2020-04-14,85.9000015258789,90.5999984741211,85.9000015258789,90.0,86.0101547241211,272000
2020-04-15,91.0,91.0,88.9000015258789,90.0999984741211,86.10572052001953,196421
2020-04-16,89.0,90.19999694824219,88.19999694824219,89.5,85.53231048583984,99265
2020-04-17,91.0,92.5999984741211,88.5,89.0,85.05447387695312,256139
2020-04-20,89.9000015258789,89.9000015258789,87.5,88.5999984741211,84.67221069335938,78000
2020-04-21,88.19999694824219,88.5999984741211,85.5,85.5,81.70963287353516,170135
2020-04-22,84.69999694824219,87.5999984741211,82.69999694824219,87.5,83.6209716796875,74214
2020-04-23,88.9000015258789,88.9000015258789,87.5,88.5,84.5766372680664,70000
2020-04-24,88.5,88.5,87.5,87.80000305175781,83.90767669677734,57050
2020-04-27,89.69999694824219,91.5999984741211,89.69999694824219,90.5,86.48798370361328,183300
2020-04-28,91.0,91.5,90.4000015258789,91.0,86.9658203125,128010
2020-04-29,92.30000305175781,93.4000015258789,90.69999694824219,93.19999694824219,89.06829071044922,171047
2020-04-30,93.4000015258789,95.9000015258789,93.30000305175781,94.69999694824219,90.50179290771484,165438
2020-05-04,92.0,94.69999694824219,92.0,94.5,90.31065368652344,95329
2020-05-05,94.5,95.5999984741211,93.9000015258789,94.19999694824219,90.02395629882812,118200
2020-05-06,94.5,96.0,94.5,95.0,90.78849029541016,184119
2020-05-07,96.0,103.0,95.5,100.0,95.56683349609375,343350
2020-05-08,100.0,102.5,99.5,99.9000015258789,95.47126770019531,303111
2020-05-11,101.0,103.0,99.0,100.5,96.04467010498047,197345
2020-05-12,99.80000305175781,105.5,99.19999694824219,104.5,99.8673324584961,678116
2020-05-13,104.0,104.0,99.5999984741211,100.5,96.04467010498047,362011
2020-05-14,98.5999984741211,105.0,98.5999984741211,100.5,96.04467010498047,405121
2020-05-15,100.5,103.5,99.19999694824219,102.0,97.47816467285156,316180
2020-05-18,103.0,106.5,102.0,102.0,97.47816467285156,538359
2020-05-19,105.0,105.5,103.0,103.5,98.91166687011719,382329
2020-05-20,103.5,110.5,103.0,110.0,105.12350463867188,901278
2020-05-21,114.0,121.0,112.0,121.0,115.6358642578125,1914633
2020-05-22,122.5,124.0,115.0,117.0,111.81319427490234,1488671
2020-05-25,118.0,121.5,114.5,121.0,115.6358642578125,961019
2020-05-26,122.0,128.5,118.5,123.5,118.02503967285156,1138343
2020-05-27,123.5,125.0,121.0,122.0,116.59153747558594,648569
2020-05-28,122.0,122.0,110.5,113.5,108.46834564208984,1156867
2020-05-29,113.0,118.0,112.5,117.5,112.29103088378906,329382
2020-06-01,118.0,118.0,115.0,116.5,111.33536529541016,175246
2020-06-02,117.5,117.5,114.0,114.5,109.42401885986328,294082
2020-06-03,115.5,116.5,114.0,115.5,110.37969207763672,168000
2020-06-04,116.0,123.0,116.0,123.0,117.54720306396484,784799
2020-06-05,126.5,135.0,121.5,135.0,129.01522827148438,2457113
2020-06-08,134.5,145.0,130.5,140.0,133.79356384277344,2056326
2020-06-09,139.5,145.0,138.0,140.0,133.79356384277344,970406
2020-06-10,140.5,144.5,136.0,140.5,134.2714080810547,616300
2020-06-11,142.0,142.0,131.5,137.5,131.40438842773438,787350
2020-06-12,135.0,136.0,129.0,135.5,129.49305725097656,495400
2020-06-15,134.5,136.0,131.5,132.0,126.14822387695312,365565
2020-06-16,133.5,136.0,132.0,135.0,129.01522827148438,370120
2020-06-17,138.0,138.5,133.5,133.5,127.58171844482422,387200
2020-06-18,132.5,144.5,132.0,144.0,137.61624145507812,1592452
2020-06-19,145.5,148.5,142.5,144.5,138.09408569335938,1162400
2020-06-22,143.5,150.0,143.5,145.0,138.5718994140625,1114935
2020-06-23,147.0,148.0,143.0,144.5,138.09408569335938,581335
2020-06-24,145.5,151.0,144.5,147.0,140.48324584960938,1116422
2020-06-29,145.0,147.0,140.5,141.0,134.7492218017578,649800
2020-06-30,141.5,143.5,139.0,143.5,137.13841247558594,545009
2020-07-01,145.0,148.5,141.0,143.0,136.6605682373047,787100
2020-07-02,143.5,146.0,141.0,141.5,135.22706604003906,707370
2020-07-03,143.5,155.5,143.0,146.5,140.00540161132812,2551430
2020-07-06,148.5,161.0,148.0,161.0,153.8625946044922,3605517
2020-07-07,165.5,170.0,156.5,159.0,151.9512481689453,3189768
2020-07-08,163.0,174.5,161.5,174.5,166.7641143798828,2950952
2020-07-09,169.0,174.0,163.5,173.5,165.80844116210938,2967193
2020-07-10,172.0,172.0,157.0,161.0,153.8625946044922,2176458
2020-07-13,162.0,165.0,159.0,162.0,154.81826782226562,875172
2020-07-14,162.0,171.0,161.0,161.5,154.34043884277344,1544174
2020-07-15,164.0,165.0,156.5,156.5,149.5620880126953,931575
2020-07-16,156.5,159.5,153.0,153.0,146.21725463867188,524114
2020-07-17,154.5,156.0,149.0,150.0,143.35025024414062,579323
2020-07-20,152.0,152.0,140.5,147.0,140.48324584960938,518350
2020-07-21,150.0,158.0,148.5,151.0,144.30592346191406,796250
2020-07-22,151.0,152.0,147.0,152.0,145.26158142089844,568008
2020-07-23,150.5,152.0,147.5,148.0,141.4389190673828,313400
2020-07-24,149.5,155.0,148.0,148.0,141.4389190673828,859100
2020-07-27,150.0,151.5,144.5,148.0,141.4389190673828,447215
2020-07-28,146.0,149.0,139.5,140.5,135.90966796875,600693
2020-07-29,143.0,149.0,141.5,147.0,142.1973114013672,551020
2020-07-30,150.0,150.0,145.5,145.5,140.74632263183594,323185
2020-07-31,145.5,146.5,142.0,144.5,139.77899169921875,438000
2020-08-03,144.5,144.5,140.0,140.0,135.42601013183594,514300
2020-08-04,141.5,146.0,140.0,144.0,139.2953338623047,420700
2020-08-05,146.5,149.0,143.5,146.5,141.71363830566406,451200
2020-08-06,148.5,149.0,142.5,142.5,137.8443145751953,454450
2020-08-07,143.5,145.0,142.0,142.5,137.8443145751953,253001
2020-08-10,141.5,142.5,133.5,135.5,131.07302856445312,750758
2020-08-11,132.0,135.5,128.5,134.0,129.6220245361328,711200
2020-08-12,139.5,139.5,131.0,135.0,130.58935546875,1348300
2020-08-13,140.5,141.5,133.5,138.5,133.9750213623047,1461125
2020-08-14,141.0,141.0,136.0,138.0,133.49134826660156,1040225
2020-08-17,140.5,140.5,136.0,138.0,133.49134826660156,591130
2020-08-18,140.0,140.0,132.5,132.5,128.17103576660156,760133
2020-08-19,135.5,145.0,132.0,136.5,132.0403594970703,1818255
2020-08-20,136.0,137.0,125.0,129.0,124.78539276123047,1668117
2020-08-21,134.0,139.0,131.0,137.0,132.52403259277344,979030
2020-08-24,138.5,147.0,138.5,145.0,140.2626495361328,882180
2020-08-25,144.0,147.0,142.0,143.0,138.3280029296875,388033
2020-08-26,146.0,149.0,142.0,143.0,138.3280029296875,1270540
2020-08-27,143.0,146.0,143.0,143.5,138.81166076660156,356050
2020-08-28,144.0,148.0,139.5,142.0,137.36065673828125,544010
2020-08-31,143.5,143.5,138.0,138.0,133.49134826660156,274486
2020-09-01,142.0,142.0,135.5,136.5,132.0403594970703,774220
2020-09-02,138.0,139.5,136.5,138.0,133.49134826660156,284217
2020-09-03,140.0,141.0,138.0,139.0,134.45867919921875,222150
2020-09-04,138.5,138.5,135.0,137.5,133.0076904296875,1084000
2020-09-07,138.0,138.0,133.0,133.5,129.13836669921875,217050
2020-09-08,136.5,136.5,132.5,133.0,128.6547088623047,1003030
2020-09-09,134.5,137.0,131.0,135.5,131.07302856445312,1056001
2020-09-10,137.0,143.0,134.0,138.5,133.9750213623047,945114
2020-09-11,139.0,139.0,133.5,134.0,129.6220245361328,804000
2020-09-14,137.0,138.5,132.0,135.5,131.07302856445312,927580
2020-09-15,133.5,137.0,133.5,136.5,132.0403594970703,117015
2020-09-16,136.5,138.5,136.0,138.0,133.49134826660156,196025
2020-09-17,138.0,143.0,138.0,138.5,133.9750213623047,407066
2020-09-18,138.0,139.0,136.5,137.0,132.52403259277344,120233
2020-09-21,135.0,136.0,133.0,133.5,129.13836669921875,306015
2020-09-22,133.0,133.5,130.0,133.5,129.13836669921875,140155
2020-09-23,133.5,134.5,131.5,132.5,128.17103576660156,271000
2020-09-24,130.5,132.0,125.5,126.5,122.36707305908203,1422093
2020-09-25,127.0,130.0,123.5,125.5,121.39974212646484,1266458
2020-09-28,131.5,131.5,127.0,129.5,125.26905059814453,992100
2020-09-29,130.0,132.0,128.5,130.0,125.75272369384766,171000
2020-09-30,128.0,132.5,128.0,132.0,127.6873779296875,118000
2020-10-05,130.5,135.0,130.5,134.5,130.10569763183594,145107
2020-10-06,135.5,136.5,134.0,134.5,130.10569763183594,139281
2020-10-07,134.0,135.5,134.0,134.0,129.6220245361328,62020
2020-10-08,134.5,139.0,134.5,136.5,132.0403594970703,298010
2020-10-12,138.0,138.0,135.5,136.0,131.55670166015625,118325
2020-10-13,135.0,136.0,134.0,134.5,130.10569763183594,53300
2020-10-14,137.0,142.0,135.5,139.5,134.9423370361328,378249
2020-10-15,139.5,142.0,138.5,139.0,134.45867919921875,265400
2020-10-16,138.0,141.0,133.0,133.0,128.6547088623047,228110
2020-10-19,133.5,135.5,133.5,133.5,129.13836669921875,89000
2020-10-20,135.0,135.5,134.5,135.0,130.58935546875,16450
2020-10-21,135.5,136.0,133.5,135.0,130.58935546875,78009
2020-10-22,135.0,135.0,132.0,133.0,128.6547088623047,88010
2020-10-23,132.5,135.0,132.5,134.0,129.6220245361328,48150
2020-10-26,136.0,136.0,133.0,133.5,129.13836669921875,95000
2020-10-27,134.0,134.0,130.5,132.0,127.6873779296875,92000
2020-10-28,131.5,132.0,129.5,130.0,125.75272369384766,103000
2020-10-29,128.0,130.0,127.5,128.5,124.30172729492188,113000
2020-10-30,130.0,130.0,126.5,126.5,122.36707305908203,131345
2020-11-02,127.0,127.0,121.5,122.0,118.01409149169922,204008
2020-11-03,122.5,126.0,122.5,124.5,120.43241119384766,176018
2020-11-04,124.0,124.0,122.0,123.0,118.9814224243164,186026
2020-11-05,125.5,125.5,122.0,122.5,118.49774932861328,82100
2020-11-06,123.5,125.0,123.0,124.0,119.9487533569336,158000
2020-11-09,124.0,126.0,123.5,124.5,120.43241119384766,186300
2020-11-10,125.0,125.0,121.5,123.0,118.9814224243164,139150
2020-11-11,122.5,122.5,119.5,121.0,117.04676055908203,229200
2020-11-12,120.0,120.5,118.0,120.5,116.56310272216797,217000
2020-11-13,120.0,121.5,118.0,121.5,117.53042602539062,145220
2020-11-16,123.5,123.5,123.0,123.5,119.465087890625,176200
2020-11-17,125.5,126.0,124.5,126.0,121.8833999633789,167090
2020-11-18,128.0,128.5,126.0,128.0,123.81806182861328,173000
2020-11-19,130.0,130.0,127.0,128.0,123.81806182861328,87000
2020-11-20,128.5,129.0,128.0,128.0,123.81806182861328,76001
2020-11-23,128.5,128.5,127.0,128.0,123.81806182861328,107000
2020-11-24,131.0,132.0,129.5,132.0,127.6873779296875,236500
2020-11-25,132.5,135.0,130.5,131.0,126.72005462646484,174180
2020-11-26,133.0,133.0,129.5,130.5,126.23638916015625,114016
2020-11-27,130.0,131.0,129.5,129.5,125.26905059814453,65000
2020-11-30,129.5,129.5,127.5,128.5,124.30172729492188,85001
2020-12-01,127.5,131.0,127.0,131.0,126.72005462646484,68000
2020-12-02,131.0,133.5,130.0,132.5,128.17103576660156,253022
2020-12-03,132.0,134.5,131.0,133.0,128.6547088623047,126260
2020-12-04,134.0,134.0,131.5,133.0,128.6547088623047,65100
2020-12-07,134.5,134.5,128.0,132.5,128.17103576660156,88000
2020-12-08,133.0,133.0,130.0,131.5,127.2037124633789,68100
2020-12-09,131.5,136.5,131.5,132.5,128.17103576660156,363000
2020-12-10,132.5,133.0,129.5,129.5,125.26905059814453,170130
2020-12-11,129.5,131.0,126.0,131.0,126.72005462646484,141000
2020-12-14,131.0,134.0,128.0,131.5,127.2037124633789,161099
2020-12-15,133.0,133.0,128.0,128.0,123.81806182861328,112000
2020-12-16,130.5,131.5,129.5,130.0,125.75272369384766,71000
2020-12-17,132.0,132.0,129.5,130.0,125.75272369384766,88000
2020-12-18,131.0,131.0,129.0,129.0,124.78539276123047,73000
2020-12-21,129.5,129.5,127.0,128.0,123.81806182861328,102020
2020-12-22,128.5,129.0,127.0,127.0,122.85073852539062,55099
2020-12-23,127.0,128.0,127.0,128.0,123.81806182861328,64000
2020-12-24,129.5,129.5,127.0,128.0,123.81806182861328,69111
2020-12-25,130.0,130.0,127.0,127.0,122.85073852539062,90020
2020-12-28,127.5,127.5,126.0,127.0,122.85073852539062,54000
2020-12-29,126.0,127.5,124.5,125.0,120.91607666015625,101005
2020-12-30,125.0,126.0,124.0,126.0,121.8833999633789,52100
2020-12-31,129.0,129.0,126.0,127.5,123.33440399169922,49000
2021-01-04,126.0,128.0,126.0,127.5,123.33440399169922,56007
2021-01-05,126.5,126.5,125.5,126.0,121.8833999633789,51105
2021-01-06,125.0,127.0,123.0,125.0,120.91607666015625,272096
2021-01-07,125.0,127.0,124.0,126.0,121.8833999633789,79000
2021-01-08,126.0,127.5,125.5,127.5,123.33440399169922,150000
2021-01-11,128.0,128.0,126.5,128.0,123.81806182861328,95108
2021-01-12,129.0,129.0,126.0,126.0,121.8833999633789,93000
2021-01-13,126.5,127.0,126.0,126.0,121.8833999633789,54000
2021-01-14,126.0,127.5,125.5,126.0,121.8833999633789,33070
2021-01-15,127.0,127.0,125.0,125.5,121.39974212646484,69010
2021-01-18,125.5,125.5,123.0,124.5,120.43241119384766,53010
2021-01-19,124.5,126.0,123.5,123.5,119.465087890625,71000
2021-01-20,125.0,125.0,121.0,121.0,117.04676055908203,106000
2021-01-21,122.5,123.0,121.0,121.5,117.53042602539062,52200
2021-01-22,120.0,122.5,120.0,120.5,116.56310272216797,87000
2021-01-25,120.0,121.0,116.0,119.0,115.11210632324219,108100
2021-01-26,119.0,122.0,119.0,121.0,117.04676055908203,82000
2021-01-27,120.5,122.0,120.0,120.0,116.07943725585938,52147
2021-01-28,119.5,121.0,117.5,119.0,115.11210632324219,57000
2021-01-29,119.5,120.0,116.0,117.0,113.17745208740234,136000
2021-02-01,117.5,118.5,115.5,117.0,113.17745208740234,35000
2021-02-02,117.0,117.5,115.0,115.0,111.24279022216797,113000
2021-02-03,115.0,115.0,113.5,115.0,111.24279022216797,76000
2021-02-04,119.5,125.5,117.0,125.5,121.39974212646484,256001
2021-02-05,125.5,127.0,123.0,125.5,121.39974212646484,209000
2021-02-17,126.5,127.5,123.5,124.0,119.9487533569336,44000
2021-02-18,123.5,124.0,120.0,123.0,118.9814224243164,68019
2021-02-19,121.0,122.5,119.5,122.5,118.49774932861328,99011
2021-02-22,122.5,126.0,122.5,125.0,120.91607666015625,88000
2021-02-23,125.0,125.5,123.5,125.5,121.39974212646484,63000
2021-02-24,125.5,132.0,125.5,128.5,124.30172729492188,271000
2021-02-25,131.5,131.5,127.5,128.5,124.30172729492188,95000
2021-02-26,128.0,128.0,126.0,126.5,122.36707305908203,42000
2021-03-02,127.0,129.0,125.5,125.5,121.39974212646484,31007
2021-03-03,128.0,128.0,121.0,128.0,123.81806182861328,100000
2021-03-04,127.0,127.0,126.0,127.0,122.85073852539062,25000
2021-03-05,127.0,128.0,124.5,126.5,122.36707305908203,58000
2021-03-08,127.5,128.5,124.5,128.5,124.30172729492188,78200
2021-03-09,128.5,129.0,126.5,128.0,123.81806182861328,65000
2021-03-10,129.0,129.0,126.0,127.5,123.33440399169922,61000
2021-03-11,128.0,129.0,127.5,127.5,123.33440399169922,36000
2021-03-12,129.0,129.0,127.0,127.0,122.85073852539062,44000
2021-03-15,127.0,128.5,126.0,128.0,123.81806182861328,22000
2021-03-16,127.0,128.0,126.5,128.0,123.81806182861328,35000
2021-03-17,126.5,127.5,126.0,127.5,123.33440399169922,26001
2021-03-18,128.5,128.5,126.0,126.5,122.36707305908203,32000
2021-03-19,126.5,126.5,123.5,124.5,120.43241119384766,62000
2021-03-22,124.5,127.0,124.0,126.0,121.8833999633789,48000
2021-03-23,125.5,126.0,124.5,125.5,121.39974212646484,31000
2021-03-24,125.0,127.0,125.0,127.0,122.85073852539062,38100
2021-03-25,127.5,129.0,127.0,128.5,124.30172729492188,98000
2021-03-26,129.0,130.5,128.5,130.5,126.23638916015625,170065
2021-03-29,131.5,131.5,130.0,130.5,126.23638916015625,81000
2021-03-30,129.0,130.5,128.0,130.0,125.75272369384766,91000
2021-03-31,129.0,130.5,128.5,129.0,124.78539276123047,30000
2021-04-01,131.0,132.0,128.0,129.0,124.78539276123047,122016
2021-04-07,128.0,128.0,126.0,128.0,123.81806182861328,44000
2021-04-08,129.0,129.0,125.0,127.5,123.33440399169922,81000
2021-04-09,127.5,127.5,124.5,124.5,120.43241119384766,51040
2021-04-12,123.0,124.5,120.0,121.0,117.04676055908203,144100
2021-04-13,123.0,123.0,119.5,121.5,117.53042602539062,53100
2021-04-14,120.0,121.5,118.0,121.5,117.53042602539062,54000
2021-04-15,120.0,122.5,119.0,121.0,117.04676055908203,55000
2021-04-16,120.5,120.5,119.0,120.0,116.07943725585938,65045
2021-04-19,119.0,120.0,118.5,119.0,115.11210632324219,50000
2021-04-20,120.5,120.5,118.0,118.0,114.144775390625,60000
2021-04-21,118.0,119.5,116.5,119.5,115.59577178955078,58000
2021-04-22,119.5,119.5,117.5,119.0,115.11210632324219,46010
2021-04-23,117.0,120.0,116.5,118.5,114.6284408569336,62000
2021-04-26,120.5,120.5,118.0,119.0,115.11210632324219,36000
2021-04-27,121.0,121.0,118.0,119.0,115.11210632324219,35000
2021-04-28,119.0,119.0,116.0,116.0,112.21012115478516,55000
2021-04-29,116.5,118.5,116.5,116.5,112.69378662109375,38000
2021-05-03,119.0,119.0,111.0,115.0,111.24279022216797,104000
2021-05-04,117.0,117.0,109.5,116.5,112.69378662109375,134008
2021-05-05,116.5,116.5,114.0,116.5,112.69378662109375,42000
2021-05-06,116.0,116.0,113.5,115.0,111.24279022216797,43000
2021-05-07,114.5,114.5,112.5,114.5,110.75912475585938,57000
2021-05-10,114.5,116.5,114.5,116.5,112.69378662109375,68000
2021-05-11,117.0,117.0,110.5,113.0,109.30813598632812,82000
2021-05-12,117.0,117.0,102.0,110.0,106.4061508178711,726000
2021-05-13,105.0,107.0,103.0,103.0,99.63484954833984,77002
2021-05-14,101.5,110.5,100.0,106.0,102.53683471679688,346050
2021-05-17,106.0,106.0,100.0,103.5,100.1185073852539,554000
2021-05-18,104.0,105.5,100.5,105.5,102.05316925048828,90000
2021-05-19,106.0,109.0,104.5,107.5,103.98782348632812,29248
2021-05-20,108.5,108.5,105.5,108.0,104.47149658203125,31005
2021-05-21,108.5,109.5,108.0,108.0,104.47149658203125,40001
2021-05-24,106.0,108.0,106.0,108.0,104.47149658203125,15001
2021-05-25,110.0,110.0,105.5,108.5,104.95515441894531,63000
2021-05-26,107.0,108.0,107.0,108.0,104.47149658203125,17500
2021-05-27,107.0,108.0,106.5,106.5,103.02050018310547,33000
2021-05-28,107.0,109.0,107.0,108.0,104.47149658203125,55000
2021-05-31,108.0,108.0,106.0,107.5,103.98782348632812,97000
2021-06-01,107.5,107.5,106.0,107.5,103.98782348632812,92090
2021-06-02,108.0,108.0,105.0,106.5,103.02050018310547,65020
2021-06-03,106.0,107.5,105.5,107.5,103.98782348632812,69000
2021-06-04,106.5,107.5,106.0,106.0,102.53683471679688,42000
2021-06-07,106.0,111.5,106.0,111.5,107.85713958740234,82051
2021-06-08,111.5,122.0,111.5,118.0,114.144775390625,362001
2021-06-09,114.0,117.0,110.0,112.0,108.34080505371094,366004
2021-06-10,114.5,115.0,111.5,115.0,111.24279022216797,245020
2021-06-11,115.0,115.5,109.5,112.0,108.34080505371094,191000
2021-06-15,113.0,113.0,110.0,112.0,108.34080505371094,93712
2021-06-16,115.5,115.5,110.5,111.0,107.37347412109375,58030
2021-06-17,112.5,113.5,111.0,113.5,109.79180145263672,40000
2021-06-18,113.5,114.5,113.5,114.5,110.75912475585938,54102
2021-06-21,113.0,115.5,113.0,115.5,111.72645568847656,75000
2021-06-22,114.5,116.0,114.0,115.0,111.24279022216797,117004
2021-06-23,114.0,116.0,114.0,115.0,111.24279022216797,56000
2021-06-24,115.0,116.0,112.5,116.0,112.21012115478516,654100
2021-06-25,116.0,117.5,114.5,117.5,113.6611099243164,80000
2021-06-28,118.5,119.0,114.5,116.5,112.69378662109375,82000
2021-06-29,115.5,115.5,111.0,114.0,110.27545928955078,147000
2021-06-30,114.0,114.0,112.5,113.5,109.79180145263672,51005
2021-07-01,114.5,114.5,111.5,114.5,110.75912475585938,97000
2021-07-02,114.5,114.5,110.0,114.5,110.75912475585938,907100
2021-07-05,114.5,116.0,112.0,115.0,111.24279022216797,130000
2021-07-06,115.0,115.0,112.0,113.0,109.30813598632812,118005
2021-07-07,113.5,113.5,109.5,112.0,108.34080505371094,155000
2021-07-08,112.0,112.0,107.0,112.0,108.34080505371094,580000
2021-07-09,110.0,112.0,110.0,111.0,107.37347412109375,38036
2021-07-12,111.0,115.0,107.0,114.5,110.75912475585938,969000
2021-07-13,114.5,116.5,110.5,111.5,107.85713958740234,949006
2021-07-14,111.5,119.0,109.5,117.5,113.6611099243164,1003031
2021-07-15,115.0,129.0,115.0,127.5,123.33440399169922,1099500
2021-07-16,125.0,134.0,123.0,127.5,123.33440399169922,825951
2021-07-19,128.5,135.0,124.5,130.0,125.75272369384766,723050
2021-07-20,129.5,134.0,128.0,130.0,125.75272369384766,92001
2021-07-21,130.0,132.0,126.0,129.5,125.26905059814453,554000
2021-07-22,131.0,132.5,127.0,130.0,125.75272369384766,833000
2021-07-23,130.0,132.5,127.5,128.5,124.30172729492188,917000
2021-07-26,128.0,129.0,124.0,124.0,119.9487533569336,974040
2021-07-27,124.5,124.5,115.5,121.5,117.53042602539062,1201027
2021-07-28,120.0,120.0,112.0,117.5,113.6611099243164,1157040
2021-07-29,116.0,120.0,116.0,118.5,114.6284408569336,712000
2021-07-30,118.5,120.0,116.5,117.0,113.17745208740234,730000
2021-08-02,118.0,123.0,117.0,123.0,118.9814224243164,100000
2021-08-03,121.5,125.5,121.5,125.0,120.91607666015625,68590
2021-08-04,124.5,125.0,123.0,124.0,119.9487533569336,36000
2021-08-05,128.0,128.0,125.0,125.5,121.39974212646484,40000
2021-08-06,127.0,127.0,122.0,123.5,119.465087890625,38000
2021-08-09,123.5,123.5,116.0,118.0,114.144775390625,100025
2021-08-10,118.0,119.5,115.0,119.0,115.11210632324219,102000
2021-08-11,119.0,123.0,116.0,116.0,112.21012115478516,809000
2021-08-12,115.5,122.0,114.0,120.0,116.07943725585938,733050
2021-08-13,119.0,120.5,118.0,119.0,115.11210632324219,73000
2021-08-16,117.0,120.5,115.0,117.0,113.17745208740234,861000
2021-08-17,117.0,120.5,116.0,119.0,115.11210632324219,67000
2021-08-18,116.5,116.5,112.5,116.5,112.69378662109375,177000
2021-08-19,114.5,115.0,112.0,113.5,109.79180145263672,115010
2021-08-20,115.0,117.0,113.5,114.0,110.27545928955078,54000
2021-08-23,115.5,117.0,112.0,115.0,111.24279022216797,518017
2021-08-24,114.0,116.5,114.0,116.5,112.69378662109375,31000
2021-08-25,114.0,115.5,114.0,115.5,114.15436553955078,28000
2021-08-26,115.5,115.5,115.0,115.5,114.15436553955078,15000
2021-08-27,115.5,116.0,115.0,115.5,114.15436553955078,19000
2021-08-30,115.5,115.5,115.0,115.0,113.66019439697266,5035
2021-08-31,115.5,115.5,113.5,114.0,112.67184448242188,9000
2021-09-01,114.5,114.5,113.5,114.5,113.166015625,20000
2021-09-02,115.5,115.5,112.0,112.5,111.18931579589844,44000
2021-09-03,113.5,113.5,111.0,113.0,111.6834945678711,65010
2021-09-06,113.0,113.0,111.5,112.5,111.18931579589844,21000
2021-09-07,113.0,113.0,109.5,109.5,108.22427368164062,35020
2021-09-08,108.5,112.0,107.0,112.0,110.69514465332031,75005
2021-09-09,112.0,114.0,112.0,114.0,112.67184448242188,37220
2021-09-10,113.0,115.5,111.0,115.5,114.15436553955078,461000
2021-09-13,117.0,119.0,115.0,119.0,117.61358642578125,57000
2021-09-14,119.0,120.0,116.5,116.5,115.14271545410156,89101
2021-09-15,115.5,119.5,113.0,119.5,118.1077651977539,708000
2021-09-16,119.5,122.0,117.5,118.0,116.625244140625,59000
2021-09-17,118.0,120.5,116.0,120.0,118.60193634033203,447000
2021-09-22,117.5,119.0,116.5,118.0,116.625244140625,26000
2021-09-23,117.5,126.0,116.0,121.0,119.59028625488281,820300
2021-09-24,121.5,121.5,120.0,121.5,120.08446502685547,22000
2021-09-27,120.0,122.0,119.0,122.0,120.5786361694336,32000
2021-09-28,119.5,119.5,119.0,119.5,118.1077651977539,12100
2021-09-29,118.5,118.5,115.5,116.0,114.64854431152344,52100
2021-09-30,116.0,117.0,116.0,117.0,115.63689422607422,4000
2021-10-01,115.0,118.5,112.5,115.5,114.15436553955078,705000
2021-10-04,114.0,114.0,113.5,114.0,112.67184448242188,22000
2021-10-05,112.0,116.5,111.5,116.5,115.14271545410156,684000
2021-10-06,116.5,116.5,114.0,115.5,114.15436553955078,22000
2021-10-07,115.0,117.0,115.0,117.0,115.63689422607422,30000
2021-10-08,117.5,120.0,116.0,117.5,116.13106536865234,696000
2021-10-12,118.5,119.5,118.0,118.0,116.625244140625,20120
2021-10-13,119.0,121.5,116.5,119.0,117.61358642578125,698000
2021-10-14,119.0,121.0,116.0,118.0,116.625244140625,138100
2021-10-15,118.5,121.5,118.0,119.0,117.61358642578125,112000
2021-10-18,121.5,121.5,120.0,121.0,119.59028625488281,51021
2021-10-19,120.5,122.5,120.5,122.0,120.5786361694336,57000
2021-10-20,120.5,122.5,120.5,122.0,120.5786361694336,36000
2021-10-21,123.5,129.0,122.5,122.5,121.07281494140625,187000
2021-10-22,121.5,121.5,119.5,119.5,118.1077651977539,60071
2021-10-25,123.0,123.0,120.0,122.5,121.07281494140625,23034
2021-10-26,122.5,124.0,122.0,123.0,121.56698608398438,61000
2021-10-27,122.0,124.0,120.0,124.0,122.55533599853516,58000
2021-10-28,124.0,124.0,122.0,124.0,122.55533599853516,32000
2021-10-29,122.5,125.0,120.0,120.0,118.60193634033203,117080
2021-11-01,120.5,121.0,119.0,121.0,119.59028625488281,22000
2021-11-02,122.0,122.0,118.5,120.0,118.60193634033203,54000
2021-11-03,119.0,120.5,118.0,119.5,118.1077651977539,52000
2021-11-04,118.5,123.0,118.5,121.0,119.59028625488281,60300
2021-11-05,121.0,121.0,119.5,120.5,119.09611511230469,35001
2021-11-08,120.5,122.0,118.0,122.0,120.5786361694336,54001
2021-11-09,123.0,123.0,121.0,122.0,120.5786361694336,22000
2021-11-10,122.5,123.0,121.5,122.0,120.5786361694336,22000
2021-11-11,120.5,120.5,118.5,120.0,118.60193634033203,44087
2021-11-12,119.0,120.0,118.0,118.0,116.625244140625,66048
2021-11-15,120.0,120.0,118.0,119.5,118.1077651977539,32000
2021-11-16,119.0,119.5,117.5,119.5,118.1077651977539,37000
2021-11-17,118.5,119.5,118.0,118.0,116.625244140625,36000
2021-11-18,119.0,119.0,116.0,116.0,114.64854431152344,54150
2021-11-19,116.5,118.5,116.0,117.5,116.13106536865234,25036
2021-11-22,118.0,118.0,114.0,116.5,115.14271545410156,65001
2021-11-23,118.0,118.0,113.0,115.0,113.66019439697266,115000
2021-11-24,115.0,115.5,114.0,115.0,113.66019439697266,36000
2021-11-25,115.0,115.0,114.0,114.5,113.166015625,22000
2021-11-26,115.0,115.0,112.0,112.0,110.69514465332031,77000
2021-11-29,110.0,113.0,110.0,113.0,111.6834945678711,38001
2021-11-30,113.0,113.5,112.0,113.0,111.6834945678711,20000
2021-12-01,113.0,113.0,113.0,113.0,111.6834945678711,1000
2021-12-02,111.5,111.5,109.5,110.0,108.71844482421875,40100
2021-12-03,112.0,112.0,110.0,111.0,109.70679473876953,32000
2021-12-06,112.5,112.5,110.0,110.5,109.21261596679688,25000
2021-12-07,110.5,111.0,110.0,110.5,109.21261596679688,12000
2021-12-08,112.0,115.0,112.0,113.0,111.6834945678711,49010
2021-12-09,114.5,115.0,113.5,115.0,113.66019439697266,40000
2021-12-10,115.5,116.0,115.0,116.0,114.64854431152344,36000
2021-12-13,116.0,116.0,114.5,115.5,114.15436553955078,20000
2021-12-14,115.0,116.5,114.5,115.5,114.15436553955078,64000
2021-12-15,115.5,117.0,115.5,116.5,115.14271545410156,26001
2021-12-16,116.5,117.0,115.5,117.0,115.63689422607422,16000
2021-12-17,115.5,116.5,114.0,115.0,113.66019439697266,45000
2021-12-20,115.0,116.5,114.5,116.5,115.14271545410156,26000
2021-12-21,115.5,118.0,115.5,118.0,116.625244140625,20416
2021-12-22,120.0,123.5,119.0,121.5,120.08446502685547,116050
2021-12-23,121.5,121.5,120.0,120.5,119.09611511230469,20000
2021-12-24,124.0,124.5,120.5,122.0,120.5786361694336,80291
2021-12-27,121.0,122.0,120.0,120.0,118.60193634033203,42000
2021-12-28,120.0,123.0,120.0,121.0,119.59028625488281,54000
2021-12-29,122.0,123.0,120.5,123.0,121.56698608398438,78001
2021-12-30,122.5,123.5,121.5,123.0,121.56698608398438,52000
2022-01-03,125.0,125.0,123.5,124.0,122.55533599853516,87015
2022-01-04,125.0,125.5,123.5,125.0,123.54368591308594,66001
2022-01-05,126.0,126.0,124.0,124.5,123.04951477050781,58000
2022-01-06,123.0,124.0,122.0,123.0,121.56698608398438,26000
2022-01-07,123.0,123.0,118.0,118.0,116.625244140625,72000
2022-01-10,119.5,119.5,116.5,118.0,116.625244140625,36000
2022-01-11,117.94334411621094,118.43890380859375,116.4566650390625,117.94334411621094,116.56924438476562,26232
2022-01-12,115.96110534667969,117.44778442382812,115.96110534667969,117.44778442382812,116.07946014404297,11098
2022-01-13,118.43890380859375,118.43890380859375,117.44778442382812,118.43890380859375,117.05902862548828,32286
2022-01-14,118.43890380859375,122.40338897705078,118.43890380859375,121.90782928466797,120.48754119873047,72653
2022-01-17,120.91670989990234,122.40338897705078,120.421142578125,121.41226959228516,119.99775695800781,52465
2022-01-18,120.91670989990234,123.89006805419922,120.91670989990234,122.8989486694336,121.46711730957031,70627
2022-01-19,121.90782928466797,121.90782928466797,121.41226959228516,121.90782928466797,120.48754119873047,41888
2022-01-20,121.41226959228516,121.41226959228516,119.92558288574219,121.41226959228516,119.99775695800781,34304
2022-01-21,119.92558288574219,121.41226959228516,118.93446350097656,118.93446350097656,117.54882049560547,21238
2022-01-24,118.93446350097656,118.93446350097656,116.4566650390625,117.94334411621094,116.56924438476562,35414
2022-01-25,119.0,119.0,116.0,117.0,115.63689422607422,41020
2022-01-26,116.0,120.0,116.0,120.0,118.60193634033203,14001
2022-02-07,120.0,120.0,118.0,120.0,118.60193634033203,53001
2022-02-08,120.0,122.0,119.5,119.5,118.1077651977539,59154
2022-02-09,120.0,121.0,119.5,120.0,118.60193634033203,60000
2022-02-10,121.0,121.5,119.5,120.5,119.09611511230469,108000
2022-02-11,118.0,120.5,118.0,120.5,119.09611511230469,18000
2022-02-14,118.5,118.5,116.0,116.5,115.14271545410156,60154
2022-02-15,117.5,118.0,116.5,117.0,115.63689422607422,19092
2022-02-16,117.0,118.0,117.0,118.0,116.625244140625,17000
2022-02-17,118.0,118.0,116.0,117.5,116.13106536865234,21033
2022-02-18,117.0,118.0,116.5,118.0,116.625244140625,16006
2022-02-21,117.0,117.0,116.0,117.0,115.63689422607422,10211
2022-02-22,115.5,115.5,113.0,114.0,112.67184448242188,43080
2022-02-23,114.0,117.5,114.0,117.5,116.13106536865234,12126
2022-02-24,117.5,117.5,112.0,114.5,113.166015625,62000
2022-02-25,115.0,115.0,112.0,112.0,110.69514465332031,42161
2022-03-01,112.0,115.0,112.0,115.0,113.66019439697266,40070
2022-03-02,115.0,115.0,112.0,115.0,113.66019439697266,44000
2022-03-03,113.0,113.0,110.5,111.5,110.20096588134766,210184
2022-03-04,110.5,110.5,106.5,108.0,106.74174499511719,169784
2022-03-07,107.5,107.5,100.5,102.5,101.30582427978516,174317
2022-03-08,100.0,102.0,99.0,100.5,99.3291244506836,65792
2022-03-09,100.5,101.0,99.69999694824219,100.5,99.3291244506836,57000
2022-03-10,102.0,103.5,101.5,103.5,102.29417419433594,37046
2022-03-11,101.5,101.5,100.0,101.5,100.31747436523438,22092
2022-03-14,101.0,102.5,99.0,102.5,101.30582427978516,131000
2022-03-15,101.0,102.0,99.0,102.0,100.8116455078125,40173
2022-03-16,102.5,103.5,100.0,103.5,102.29417419433594,65100
2022-03-17,103.5,105.0,103.5,105.0,103.77669525146484,27088
2022-03-18,103.5,104.5,102.5,104.5,103.28252410888672,42000
2022-03-21,105.0,105.0,104.0,104.5,103.28252410888672,12184
2022-03-22,104.5,105.0,102.5,104.5,103.28252410888672,102000
2022-03-23,105.5,105.5,103.0,103.5,102.29417419433594,41000
2022-03-24,103.0,103.5,103.0,103.5,102.29417419433594,7000
2022-03-25,103.5,103.5,101.5,102.0,100.8116455078125,22000
2022-03-28,101.5,103.0,99.5999984741211,103.0,101.79999542236328,56000
2022-03-29,102.0,103.0,101.5,102.0,100.8116455078125,20000
2022-03-30,102.5,103.5,102.5,103.0,101.79999542236328,39460
2022-03-31,102.5,103.0,102.0,102.5,101.30582427978516,20000
2022-04-01,102.5,103.5,102.0,103.5,102.29417419433594,18000
2022-04-06,103.0,105.0,102.0,104.0,102.78834533691406,27046
2022-04-07,104.0,105.0,102.0,103.5,102.29417419433594,47000
2022-04-08,104.5,104.5,103.5,103.5,102.29417419433594,8000
2022-04-11,103.5,103.5,101.5,101.5,100.31747436523438,27046
2022-04-12,101.0,101.5,100.0,101.5,100.31747436523438,28000
2022-04-13,101.5,103.5,101.0,103.5,102.29417419433594,15000
2022-04-14,103.5,103.5,101.5,101.5,100.31747436523438,18000
2022-04-15,100.0,100.0,99.5999984741211,99.5999984741211,98.43960571289062,16000
2022-04-18,98.0,100.0,98.0,99.30000305175781,98.14310455322266,26000
2022-04-19,99.30000305175781,99.5,98.5999984741211,99.0,97.84660339355469,9000
2022-04-20,99.0,103.5,99.0,103.5,102.29417419433594,52460
2022-04-21,102.0,103.0,100.0,103.0,101.79999542236328,42000
2022-04-22,100.5,102.0,100.5,101.5,100.31747436523438,19000
2022-04-25,102.0,102.0,98.5,101.5,100.31747436523438,24000
2022-04-26,101.0,102.0,101.0,102.0,100.8116455078125,19000
2022-04-27,98.0,100.0,98.0,98.0999984741211,96.95708465576172,83000
2022-04-28,99.0,100.5,98.9000015258789,100.5,99.3291244506836,10000
2022-04-29,100.0,102.0,100.0,102.0,100.8116455078125,32000
2022-05-03,102.0,102.0,100.0,101.5,100.31747436523438,60795
2022-05-04,100.5,103.0,100.0,103.0,101.79999542236328,43002
2022-05-05,103.5,103.5,102.0,103.5,102.29417419433594,43000
2022-05-06,100.5,103.0,99.9000015258789,103.0,101.79999542236328,63000
2022-05-09,101.0,101.5,100.0,100.5,99.3291244506836,53000
2022-05-10,101.5,101.5,99.5999984741211,100.0,98.83495330810547,80000
2022-05-11,100.5,102.0,100.0,102.0,100.8116455078125,82004
2022-05-12,102.0,102.0,99.69999694824219,100.5,99.3291244506836,76000
2022-05-13,101.5,109.0,101.5,106.5,105.25922393798828,144666
2022-05-16,107.0,107.5,104.5,107.0,105.7533950805664,77046
2022-05-17,107.0,107.5,106.5,107.0,105.7533950805664,39145
2022-05-18,107.0,110.0,106.5,109.5,108.22427368164062,98388
2022-05-19,108.5,110.0,106.5,109.0,107.73009490966797,85375
2022-05-20,110.0,112.0,108.5,110.5,109.21261596679688,121000
2022-05-23,111.0,111.0,108.0,110.5,109.21261596679688,102000
2022-05-24,110.5,110.5,106.0,106.0,104.76504516601562,86000
2022-05-25,107.0,109.5,107.0,107.5,106.24757385253906,89000
2022-05-26,108.0,109.0,107.0,109.0,107.73009490966797,111000
2022-05-27,109.0,109.5,107.5,109.0,107.73009490966797,52160
2022-05-30,109.0,111.5,108.5,111.0,109.70679473876953,110206
2022-05-31,110.0,111.5,110.0,111.5,110.20096588134766,30112
2022-06-01,111.5,112.0,111.0,111.5,110.20096588134766,103000
2022-06-02,112.0,112.5,109.5,112.0,110.69514465332031,131000
2022-06-06,112.0,112.5,108.0,108.5,107.23592376708984,359368
2022-06-07,108.5,112.5,108.5,112.5,111.18931579589844,219000
2022-06-08,113.0,123.5,113.0,123.5,122.06116485595703,1927185
2022-06-09,124.0,131.5,123.5,131.0,129.47378540039062,2889866
2022-06-10,128.5,137.5,128.0,135.0,133.42718505859375,2450298
2022-06-13,134.0,139.5,132.5,134.0,132.43882751464844,2299598
2022-06-14,135.0,137.5,130.0,137.5,135.89805603027344,1562500
2022-06-15,138.5,138.5,133.0,134.5,132.93301391601562,878552
2022-06-16,137.5,137.5,127.0,127.5,126.01456451416016,1238242
2022-06-17,129.5,133.0,126.0,130.0,128.4854278564453,1424276
2022-06-20,129.5,129.5,124.0,126.0,124.53203582763672,796782
2022-06-21,127.5,136.0,127.5,135.5,133.92135620117188,1145691
2022-06-22,135.0,137.5,128.5,130.5,128.9796142578125,1485506
2022-06-23,131.0,142.5,131.0,141.5,139.85145568847656,3081614
2022-06-24,141.0,145.0,137.0,145.0,143.31068420410156,3676009
2022-06-27,145.0,148.0,140.5,143.0,141.333984375,1944520
2022-06-28,144.0,146.0,141.0,145.5,143.8048553466797,843276
2022-06-29,143.5,146.0,136.5,143.0,141.333984375,1273250
2022-06-30,143.5,143.5,139.5,141.0,139.35728454589844,914435
2022-07-01,141.0,144.0,135.5,140.5,138.86309814453125,1034000
2022-07-04,138.5,141.5,137.0,140.0,138.36892700195312,622182
2022-07-05,141.0,144.5,137.0,144.5,142.81649780273438,616572
2022-07-06,145.5,145.5,139.5,142.5,140.8397979736328,679114
2022-07-07,143.5,152.0,141.0,147.0,145.28736877441406,1223300
2022-07-08,148.5,159.5,147.0,157.0,155.17086791992188,1981430
2022-07-11,159.5,161.0,154.0,156.0,154.18252563476562,1321552
2022-07-12,158.5,161.0,147.0,149.5,147.7582550048828,1822062
2022-07-13,153.5,160.0,151.0,154.5,152.6999969482422,1002385
2022-07-14,150.0,156.5,150.0,155.5,155.5,851184
2022-07-15,157.5,159.0,151.0,151.5,151.5,1015344
2022-07-18,151.5,155.0,149.0,155.0,155.0,832127
2022-07-19,154.5,157.0,153.5,156.0,156.0,391868
2022-07-20,157.5,157.5,152.5,154.5,154.5,371002
2022-07-21,154.0,163.0,153.5,160.5,160.5,1267690
2022-07-22,161.5,161.5,152.5,154.5,154.5,994077
2022-07-25,153.5,155.5,153.0,155.0,155.0,241100
2022-07-26,154.5,154.5,146.5,151.5,151.5,616030
2022-07-27,151.0,157.0,151.0,157.0,157.0,597188
2022-07-28,157.5,159.0,156.0,156.5,156.5,299138
2022-07-29,158.0,164.5,155.5,156.0,156.0,1040363
2022-08-01,156.5,160.5,155.0,159.0,159.0,306050
2022-08-02,156.0,158.5,154.5,156.0,156.0,299005
2022-08-03,154.0,155.5,145.5,148.0,148.0,1191397
2022-08-04,149.0,152.0,146.0,150.5,150.5,303494
2022-08-05,152.5,156.0,150.0,155.0,155.0,301000
2022-08-08,155.5,159.5,153.5,159.5,159.5,608000
2022-08-09,157.5,169.0,157.5,167.0,167.0,2218734
2022-08-10,165.0,170.0,160.5,162.5,162.5,1569056
2022-08-11,164.0,165.5,156.5,156.5,156.5,830344
2022-08-12,156.0,156.5,152.0,152.0,152.0,803114
2022-08-15,151.0,154.0,148.5,152.0,152.0,455117
2022-08-16,153.0,153.5,151.0,152.0,152.0,294050
2022-08-17,152.0,153.0,147.0,151.5,151.5,436184
2022-08-18,151.5,152.0,148.5,151.0,151.0,356005
2022-08-19,151.0,151.0,149.0,150.5,150.5,281000
2022-08-22,150.0,150.5,146.5,148.5,148.5,222000
2022-08-23,146.5,146.5,143.0,146.0,146.0,237050
2022-08-24,146.5,148.5,146.0,146.0,146.0,164005
2022-08-25,147.0,150.0,146.5,148.0,148.0,271000
2022-08-26,149.0,150.5,147.0,147.0,147.0,193000
2022-08-29,143.0,144.0,140.0,141.5,141.5,352000
2022-08-30,138.5,143.0,138.5,142.5,142.5,125000
2022-08-31,142.0,142.0,140.0,141.5,141.5,103450
2022-09-01,141.0,142.0,138.5,141.0,141.0,212107
2022-09-02,141.0,154.5,141.0,153.5,153.5,620160
2022-09-05,153.5,155.5,151.0,153.5,153.5,667507
2022-09-06,153.0,155.5,151.5,153.0,153.0,362000
2022-09-07,153.0,158.0,152.0,154.0,154.0,444040
2022-09-08,154.5,158.0,154.5,157.0,157.0,350000
2022-09-12,161.5,162.0,155.0,155.0,155.0,468013
2022-09-13,155.0,155.5,152.5,152.5,152.5,222000
2022-09-14,149.0,154.5,149.0,152.5,152.5,196007
2022-09-15,155.0,155.0,150.5,150.5,150.5,184000
2022-09-16,149.5,151.0,148.0,149.0,149.0,153013
2022-09-19,149.0,149.0,144.5,149.0,149.0,224130
2022-09-20,149.0,149.5,145.5,148.5,148.5,179030
2022-09-21,148.5,149.5,146.5,146.5,146.5,92050
2022-09-22,147.5,149.5,145.5,147.0,147.0,157020
2022-09-23,148.0,154.0,148.0,148.5,148.5,594000
2022-09-26,149.5,149.5,141.0,141.0,141.0,379169
2022-09-27,141.0,143.0,133.0,141.5,141.5,487000
2022-09-28,140.0,140.0,133.5,134.5,134.5,371060
2022-09-29,137.0,142.0,137.0,140.0,140.0,298100
2022-09-30,137.5,140.0,136.0,139.5,139.5,168000
2022-10-03,140.0,140.0,137.0,138.5,138.5,118000
2022-10-04,140.5,144.5,140.5,143.5,143.5,177065
2022-10-05,146.0,147.0,141.0,142.0,142.0,219000
2022-10-06,144.0,145.5,141.5,142.5,142.5,93000
2022-10-07,142.5,143.0,141.0,141.5,141.5,119000
2022-10-11,136.0,146.0,136.0,137.0,137.0,1417060
2022-10-12,136.5,138.5,133.5,134.0,134.0,263000
2022-10-13,134.0,137.5,126.0,129.0,129.0,311238
2022-10-14,131.0,135.5,131.0,133.5,133.5,156000
2022-10-17,131.0,132.5,127.0,129.5,129.5,167000
2022-10-18,130.0,130.0,125.0,128.0,128.0,128000
2022-10-19,129.0,129.0,121.0,123.5,123.5,209000
2022-10-20,121.5,121.5,117.0,117.0,117.0,252102
2022-10-21,117.5,117.5,111.5,111.5,111.5,669054
2022-10-24,115.5,115.5,109.5,112.5,112.5,489000
2022-10-25,112.0,112.0,106.0,110.0,110.0,313100
2022-10-26,110.0,110.0,102.5,107.0,107.0,959100
2022-10-27,106.5,114.0,106.5,113.5,113.5,201000
2022-10-28,116.0,116.0,108.0,108.5,108.5,562000
2022-10-31,112.0,113.5,110.5,113.5,113.5,133000
2022-11-01,112.0,115.5,112.0,114.0,114.0,100177
2022-11-02,113.5,119.0,113.5,119.0,119.0,211100
2022-11-03,115.0,118.0,115.0,117.5,117.5,115000
2022-11-04,118.0,119.0,115.5,118.0,118.0,62000
2022-11-07,118.0,120.0,117.5,118.5,118.5,151000
2022-11-08,120.5,121.5,119.0,119.0,119.0,271000
2022-11-09,120.5,125.5,120.5,124.0,124.0,370000
