Date,Open,High,Low,Close,Volume,Dividends,Stock Splits
2019-03-20 00:00:00+08:00,20.0,20.0,20.0,20.0,0,0,0
2019-03-21 00:00:00+08:00,20.0,20.0,20.0,20.0,0,0,0
2019-03-22 00:00:00+08:00,20.0,20.0,20.0,20.0,0,0,0
2019-03-25 00:00:00+08:00,19.90999984741211,19.90999984741211,19.90999984741211,19.90999984741211,0,0,0
2019-03-26 00:00:00+08:00,19.639999389648438,19.639999389648438,19.639999389648438,19.639999389648438,0,0,0
2019-03-27 00:00:00+08:00,19.719999313354492,19.81999969482422,19.670000076293945,19.68000030517578,5736050,0,0
2019-03-28 00:00:00+08:00,19.770000457763672,19.889999389648438,19.719999313354492,19.790000915527344,6789000,0,0
2019-03-29 00:00:00+08:00,19.84000015258789,20.020000457763672,19.75,20.020000457763672,7185049,0,0
2019-04-01 00:00:00+08:00,20.040000915527344,20.889999389648438,20.040000915527344,20.889999389648438,19660501,0,0
2019-04-02 00:00:00+08:00,20.959999084472656,21.06999969482422,20.920000076293945,21.06999969482422,8260400,0,0
2019-04-03 00:00:00+08:00,20.979999542236328,21.010000228881836,20.780000686645508,20.989999771118164,4888192,0,0
2019-04-08 00:00:00+08:00,21.190000534057617,21.459999084472656,20.920000076293945,20.959999084472656,5656000,0,0
2019-04-09 00:00:00+08:00,21.059999465942383,21.25,21.059999465942383,21.239999771118164,4106000,0,0
2019-04-10 00:00:00+08:00,21.200000762939453,21.260000228881836,21.020000457763672,21.239999771118164,3037808,0,0
2019-04-11 00:00:00+08:00,21.149999618530273,21.299999237060547,20.850000381469727,20.920000076293945,4427000,0,0
2019-04-12 00:00:00+08:00,20.760000228881836,20.850000381469727,20.690000534057617,20.780000686645508,3007100,0,0
2019-04-15 00:00:00+08:00,21.0,21.270000457763672,20.969999313354492,21.040000915527344,4143497,0,0
2019-04-16 00:00:00+08:00,20.649999618530273,20.950000762939453,20.610000610351562,20.940000534057617,3037100,0,0
2019-04-17 00:00:00+08:00,21.049999237060547,21.149999618530273,20.959999084472656,21.1200008392334,3992201,0,0
2019-04-18 00:00:00+08:00,21.25,21.25,21.020000457763672,21.049999237060547,2696700,0,0
2019-04-19 00:00:00+08:00,21.100000381469727,21.18000030517578,20.780000686645508,20.979999542236328,2872000,0,0
2019-04-22 00:00:00+08:00,21.0,21.1299991607666,20.729999542236328,20.799999237060547,3005413,0,0
2019-04-23 00:00:00+08:00,20.8799991607666,20.8799991607666,20.520000457763672,20.649999618530273,3302050,0,0
2019-04-24 00:00:00+08:00,20.600000381469727,20.700000762939453,20.34000015258789,20.549999237060547,2642000,0,0
2019-04-25 00:00:00+08:00,20.600000381469727,20.600000381469727,20.440000534057617,20.440000534057617,2775095,0,0
2019-04-26 00:00:00+08:00,20.020000457763672,20.110000610351562,19.920000076293945,20.079999923706055,2865000,0,0
2019-04-29 00:00:00+08:00,20.100000381469727,20.100000381469727,19.920000076293945,19.979999542236328,2495000,0,0
2019-04-30 00:00:00+08:00,19.959999084472656,19.979999542236328,19.56999969482422,19.639999389648438,3957350,0,0
2019-05-02 00:00:00+08:00,19.649999618530273,19.670000076293945,19.549999237060547,19.559999465942383,3266144,0,0
2019-05-03 00:00:00+08:00,19.56999969482422,19.56999969482422,19.43000030517578,19.530000686645508,2383000,0,0
2019-05-06 00:00:00+08:00,19.360000610351562,19.360000610351562,18.40999984741211,18.43000030517578,3891000,0,0
2019-05-07 00:00:00+08:00,18.43000030517578,18.5,18.1200008392334,18.149999618530273,4034000,0,0
2019-05-08 00:00:00+08:00,18.0,18.219999313354492,17.84000015258789,18.139999389648438,2490120,0,0
2019-05-09 00:00:00+08:00,18.020000457763672,18.100000381469727,17.709999084472656,17.860000610351562,4443000,0,0
2019-05-10 00:00:00+08:00,18.0,18.25,17.540000915527344,17.940000534057617,3227000,0,0
2019-05-13 00:00:00+08:00,17.899999618530273,17.969999313354492,17.770000457763672,17.81999969482422,2377000,0,0
2019-05-14 00:00:00+08:00,17.75,17.959999084472656,17.530000686645508,17.959999084472656,2663000,0,0
2019-05-15 00:00:00+08:00,17.959999084472656,18.079999923706055,17.8799991607666,18.079999923706055,1954149,0,0
2019-05-16 00:00:00+08:00,18.1200008392334,18.200000762939453,17.899999618530273,18.18000030517578,2557000,0,0
2019-05-17 00:00:00+08:00,18.700000762939453,18.700000762939453,17.979999542236328,18.010000228881836,2334680,0,0
2019-05-20 00:00:00+08:00,17.889999389648438,17.899999618530273,17.5,17.600000381469727,3325481,0,0
2019-05-21 00:00:00+08:00,17.610000610351562,18.1200008392334,17.610000610351562,18.010000228881836,2439000,0,0
2019-05-22 00:00:00+08:00,18.010000228881836,18.139999389648438,17.979999542236328,17.979999542236328,1677000,0,0
2019-05-23 00:00:00+08:00,17.899999618530273,17.969999313354492,17.670000076293945,17.799999237060547,2744000,0,0
2019-05-24 00:00:00+08:00,17.84000015258789,17.8700008392334,17.6299991607666,17.65999984741211,2371251,0,0
2019-05-27 00:00:00+08:00,17.65999984741211,17.809999465942383,17.530000686645508,17.809999465942383,2101025,0,0
2019-05-28 00:00:00+08:00,17.920000076293945,18.06999969482422,17.920000076293945,18.06999969482422,2023301,0,0
2019-05-29 00:00:00+08:00,17.860000610351562,17.979999542236328,17.600000381469727,17.979999542236328,1930001,0,0
2019-05-30 00:00:00+08:00,17.959999084472656,18.049999237060547,17.739999771118164,17.780000686645508,1946000,0,0
2019-05-31 00:00:00+08:00,17.780000686645508,18.020000457763672,17.780000686645508,17.8700008392334,1365000,0,0
2019-06-03 00:00:00+08:00,17.829999923706055,17.90999984741211,17.579999923706055,17.65999984741211,1752000,0,0
2019-06-04 00:00:00+08:00,17.690000534057617,17.700000762939453,17.450000762939453,17.459999084472656,1876111,0,0
2019-06-05 00:00:00+08:00,17.579999923706055,17.6299991607666,17.420000076293945,17.510000228881836,1580000,0,0
2019-06-06 00:00:00+08:00,17.479999542236328,17.479999542236328,17.190000534057617,17.219999313354492,2126000,0,0
2019-06-10 00:00:00+08:00,17.239999771118164,17.309999465942383,17.149999618530273,17.209999084472656,1694000,0,0
2019-06-11 00:00:00+08:00,17.25,17.610000610351562,17.200000762939453,17.59000015258789,2275000,0,0
2019-06-12 00:00:00+08:00,17.600000381469727,17.739999771118164,17.600000381469727,17.649999618530273,2513000,0,0
2019-06-13 00:00:00+08:00,17.68000030517578,17.729999542236328,17.530000686645508,17.649999618530273,1790309,0,0
2019-06-14 00:00:00+08:00,17.729999542236328,17.770000457763672,17.639999389648438,17.68000030517578,1727309,0,0
2019-06-17 00:00:00+08:00,17.579999923706055,17.579999923706055,17.3799991607666,17.459999084472656,2017266,0,0
2019-06-18 00:00:00+08:00,17.459999084472656,17.459999084472656,17.31999969482422,17.360000610351562,2004000,0,0
2019-06-19 00:00:00+08:00,17.600000381469727,17.829999923706055,17.600000381469727,17.770000457763672,1577000,0,0
2019-06-20 00:00:00+08:00,17.770000457763672,18.06999969482422,17.639999389648438,17.899999618530273,2827578,0,0
2019-06-21 00:00:00+08:00,18.100000381469727,18.15999984741211,17.979999542236328,18.040000915527344,3194170,0,0
2019-06-24 00:00:00+08:00,18.040000915527344,18.190000534057617,18.020000457763672,18.06999969482422,1828444,0,0
2019-06-25 00:00:00+08:00,18.09000015258789,18.09000015258789,17.729999542236328,17.799999237060547,1973286,0,0
2019-06-26 00:00:00+08:00,17.860000610351562,18.020000457763672,17.860000610351562,17.959999084472656,1746300,0,0
2019-06-27 00:00:00+08:00,18.0,18.18000030517578,17.979999542236328,18.100000381469727,1770638,0,0
2019-06-28 00:00:00+08:00,18.020000457763672,18.049999237060547,17.940000534057617,18.010000228881836,1767100,0,0
2019-07-01 00:00:00+08:00,18.229999542236328,18.520000457763672,18.229999542236328,18.469999313354492,2686281,0,0
2019-07-02 00:00:00+08:00,18.5,18.5,18.399999618530273,18.399999618530273,1901113,0,0
2019-07-03 00:00:00+08:00,18.399999618530273,18.399999618530273,18.280000686645508,18.299999237060547,1574357,0,0
2019-07-04 00:00:00+08:00,18.299999237060547,18.329999923706055,18.190000534057617,18.219999313354492,1082157,0,0
2019-07-05 00:00:00+08:00,18.219999313354492,18.290000915527344,18.190000534057617,18.290000915527344,1536000,0,0
2019-07-08 00:00:00+08:00,18.200000762939453,18.200000762939453,17.780000686645508,17.799999237060547,2344000,0,0
2019-07-09 00:00:00+08:00,17.770000457763672,17.790000915527344,17.65999984741211,17.68000030517578,2040000,0,0
2019-07-10 00:00:00+08:00,17.809999465942383,17.850000381469727,17.700000762939453,17.760000228881836,1517000,0,0
2019-07-11 00:00:00+08:00,17.799999237060547,17.8700008392334,17.68000030517578,17.690000534057617,1827554,0,0
2019-07-12 00:00:00+08:00,17.700000762939453,17.770000457763672,17.579999923706055,17.729999542236328,2003525,0,0
2019-07-15 00:00:00+08:00,17.75,17.969999313354492,17.479999542236328,17.899999618530273,2331099,0,0
2019-07-16 00:00:00+08:00,18.030000686645508,18.030000686645508,17.829999923706055,17.860000610351562,1584000,0,0
2019-07-17 00:00:00+08:00,17.860000610351562,17.950000762939453,17.809999465942383,17.90999984741211,1464433,0,0
2019-07-18 00:00:00+08:00,17.829999923706055,17.850000381469727,17.68000030517578,17.68000030517578,1712200,0,0
2019-07-19 00:00:00+08:00,17.709999084472656,17.899999618530273,17.709999084472656,17.799999237060547,1650000,0,0
2019-07-22 00:00:00+08:00,17.799999237060547,17.799999237060547,17.469999313354492,17.56999969482422,2320000,0,0
2019-07-23 00:00:00+08:00,17.510000228881836,17.549999237060547,17.489999771118164,17.5,1729537,0,0
2019-07-24 00:00:00+08:00,17.700000762939453,17.829999923706055,17.6200008392334,17.770000457763672,1759000,0,0
2019-07-25 00:00:00+08:00,17.719999313354492,17.8799991607666,17.719999313354492,17.799999237060547,1663000,0,0
2019-07-26 00:00:00+08:00,17.729999542236328,17.799999237060547,17.729999542236328,17.780000686645508,1537470,0,0
2019-07-29 00:00:00+08:00,17.780000686645508,17.84000015258789,17.760000228881836,17.760000228881836,1602000,0,0
2019-07-30 00:00:00+08:00,17.850000381469727,17.959999084472656,17.729999542236328,17.8799991607666,2196000,0,0
2019-07-31 00:00:00+08:00,17.850000381469727,17.850000381469727,17.729999542236328,17.770000457763672,1559178,0,0
2019-08-01 00:00:00+08:00,17.700000762939453,17.739999771118164,17.600000381469727,17.6200008392334,1532130,0,0
2019-08-02 00:00:00+08:00,17.510000228881836,17.510000228881836,17.3700008392334,17.3700008392334,2327294,0,0
2019-08-05 00:00:00+08:00,17.31999969482422,17.3700008392334,17.200000762939453,17.280000686645508,1873000,0,0
2019-08-06 00:00:00+08:00,17.100000381469727,17.100000381469727,16.68000030517578,16.829999923706055,3053000,0,0
2019-08-07 00:00:00+08:00,16.829999923706055,16.829999923706055,16.690000534057617,16.709999084472656,2310431,0,0
2019-08-08 00:00:00+08:00,16.690000534057617,16.799999237060547,16.670000076293945,16.729999542236328,1501144,0,0
2019-08-12 00:00:00+08:00,16.68000030517578,16.68000030517578,16.510000228881836,16.600000381469727,1356174,0,0
2019-08-13 00:00:00+08:00,16.600000381469727,16.709999084472656,16.559999465942383,16.600000381469727,1480200,0,0
2019-08-14 00:00:00+08:00,16.850000381469727,16.940000534057617,16.809999465942383,16.809999465942383,2061059,0,0
2019-08-15 00:00:00+08:00,16.75,16.75,16.559999465942383,16.729999542236328,1886000,0,0
2019-08-16 00:00:00+08:00,16.860000610351562,17.010000228881836,16.829999923706055,16.989999771118164,2698000,0,0
2019-08-19 00:00:00+08:00,17.079999923706055,17.399999618530273,17.030000686645508,17.3700008392334,3069063,0,0
2019-08-20 00:00:00+08:00,17.440000534057617,17.520000457763672,17.3799991607666,17.5,1788000,0,0
2019-08-21 00:00:00+08:00,17.3799991607666,17.520000457763672,17.3799991607666,17.510000228881836,1753226,0,0
2019-08-22 00:00:00+08:00,17.5,17.540000915527344,17.350000381469727,17.350000381469727,1849000,0,0
2019-08-23 00:00:00+08:00,17.399999618530273,17.459999084472656,17.31999969482422,17.3700008392334,1678294,0,0
2019-08-26 00:00:00+08:00,17.170000076293945,17.170000076293945,17.030000686645508,17.15999984741211,2922000,0,0
2019-08-27 00:00:00+08:00,17.239999771118164,17.510000228881836,17.239999771118164,17.40999984741211,1862005,0,0
2019-08-28 00:00:00+08:00,17.420000076293945,17.43000030517578,17.309999465942383,17.360000610351562,1406280,0,0
2019-08-29 00:00:00+08:00,17.360000610351562,17.5,17.309999465942383,17.399999618530273,2074100,0,0
2019-08-30 00:00:00+08:00,17.520000457763672,17.59000015258789,17.389999389648438,17.389999389648438,1143306,0,0
2019-09-02 00:00:00+08:00,17.280000686645508,17.59000015258789,17.260000228881836,17.59000015258789,2517000,0,0
2019-09-03 00:00:00+08:00,17.600000381469727,17.68000030517578,17.56999969482422,17.6299991607666,2274339,0,0
2019-09-04 00:00:00+08:00,17.559999465942383,17.850000381469727,17.559999465942383,17.739999771118164,2033894,0,0
2019-09-05 00:00:00+08:00,17.809999465942383,18.280000686645508,17.809999465942383,18.25,2992563,0,0
2019-09-06 00:00:00+08:00,18.239999771118164,18.239999771118164,18.09000015258789,18.09000015258789,1894000,0,0
2019-09-10 00:00:00+08:00,18.299999237060547,18.5,18.280000686645508,18.360000610351562,2780500,0,0
2019-09-11 00:00:00+08:00,18.450000762939453,18.469999313354492,18.309999465942383,18.34000015258789,2127785,0,0
2019-09-12 00:00:00+08:00,18.399999618530273,18.399999618530273,18.280000686645508,18.31999969482422,1844160,0,0
2019-09-16 00:00:00+08:00,18.329999923706055,18.389999389648438,18.270000457763672,18.3700008392334,1890000,0,0
2019-09-17 00:00:00+08:00,18.290000915527344,18.290000915527344,18.020000457763672,18.020000457763672,2038999,0,0
2019-09-18 00:00:00+08:00,18.049999237060547,18.100000381469727,17.959999084472656,18.0,1602910,0,0
2019-09-19 00:00:00+08:00,18.020000457763672,18.06999969482422,17.940000534057617,18.010000228881836,1412000,0,0
2019-09-20 00:00:00+08:00,18.229999542236328,18.229999542236328,18.15999984741211,18.219999313354492,1307277,0,0
2019-09-23 00:00:00+08:00,18.190000534057617,18.190000534057617,17.899999618530273,17.93000030517578,1453499,0,0
2019-09-24 00:00:00+08:00,18.100000381469727,18.25,18.0,18.209999084472656,2321112,0,0
2019-09-25 00:00:00+08:00,18.149999618530273,18.149999618530273,17.940000534057617,17.969999313354492,1444649,0,0
2019-09-26 00:00:00+08:00,17.950000762939453,17.950000762939453,17.56999969482422,17.639999389648438,2602000,0,0
2019-09-27 00:00:00+08:00,17.639999389648438,17.639999389648438,17.5,17.579999923706055,1586539,0,0
2019-10-01 00:00:00+08:00,17.530000686645508,17.530000686645508,17.459999084472656,17.489999771118164,933390,0,0
2019-10-02 00:00:00+08:00,17.450000762939453,17.450000762939453,17.350000381469727,17.399999618530273,981000,0,0
2019-10-03 00:00:00+08:00,17.290000915527344,17.290000915527344,17.25,17.280000686645508,938000,0,0
2019-10-04 00:00:00+08:00,17.309999465942383,17.34000015258789,17.299999237060547,17.31999969482422,856000,0,0
2019-10-07 00:00:00+08:00,17.260000228881836,17.290000915527344,17.229999542236328,17.229999542236328,1124000,0,0
2019-10-08 00:00:00+08:00,17.260000228881836,17.5,17.260000228881836,17.440000534057617,1228000,0,0
2019-10-09 00:00:00+08:00,17.200000762939453,17.229999542236328,17.09000015258789,17.219999313354492,1143000,0,0
2019-10-14 00:00:00+08:00,17.350000381469727,17.790000915527344,17.350000381469727,17.709999084472656,1283500,0,0
2019-10-15 00:00:00+08:00,17.729999542236328,17.760000228881836,17.579999923706055,17.579999923706055,973890,0,0
2019-10-16 00:00:00+08:00,17.610000610351562,17.65999984741211,17.549999237060547,17.549999237060547,1116000,0,0
2019-10-17 00:00:00+08:00,17.549999237060547,17.559999465942383,17.5,17.520000457763672,943168,0,0
2019-10-18 00:00:00+08:00,17.59000015258789,17.59000015258789,17.389999389648438,17.389999389648438,1097171,0,0
2019-10-21 00:00:00+08:00,17.350000381469727,17.350000381469727,17.18000030517578,17.25,1231000,0,0
2019-10-22 00:00:00+08:00,17.329999923706055,17.360000610351562,17.239999771118164,17.270000457763672,1353000,0,0
2019-10-23 00:00:00+08:00,17.3799991607666,17.3799991607666,17.299999237060547,17.329999923706055,948209,0,0
2019-10-24 00:00:00+08:00,17.299999237060547,17.34000015258789,17.209999084472656,17.219999313354492,1170000,0,0
2019-10-25 00:00:00+08:00,17.309999465942383,17.309999465942383,17.18000030517578,17.239999771118164,962000,0,0
2019-10-28 00:00:00+08:00,17.40999984741211,17.639999389648438,17.389999389648438,17.59000015258789,1672000,0,0
2019-10-29 00:00:00+08:00,17.729999542236328,17.760000228881836,17.540000915527344,17.559999465942383,1328300,0,0
2019-10-30 00:00:00+08:00,17.479999542236328,17.479999542236328,17.270000457763672,17.280000686645508,1289131,0,0
2019-10-31 00:00:00+08:00,17.260000228881836,17.290000915527344,17.239999771118164,17.260000228881836,1033000,0,0
2019-11-01 00:00:00+08:00,17.239999771118164,17.350000381469727,17.149999618530273,17.350000381469727,1064232,0,0
2019-11-04 00:00:00+08:00,17.399999618530273,17.549999237060547,17.399999618530273,17.530000686645508,1459584,0,0
2019-11-05 00:00:00+08:00,17.540000915527344,17.68000030517578,17.450000762939453,17.6200008392334,1200000,0,0
2019-11-06 00:00:00+08:00,17.6200008392334,17.6200008392334,17.540000915527344,17.559999465942383,1109342,0,0
2019-11-07 00:00:00+08:00,17.440000534057617,17.600000381469727,17.40999984741211,17.469999313354492,1171000,0,0
2019-11-08 00:00:00+08:00,17.559999465942383,17.639999389648438,17.559999465942383,17.6200008392334,1344579,0,0
2019-11-11 00:00:00+08:00,17.510000228881836,17.510000228881836,17.299999237060547,17.299999237060547,1568283,0,0
2019-11-12 00:00:00+08:00,17.280000686645508,17.290000915527344,17.100000381469727,17.149999618530273,1705162,0,0
2019-11-13 00:00:00+08:00,17.149999618530273,17.149999618530273,17.06999969482422,17.1299991607666,1225057,0,0
2019-11-14 00:00:00+08:00,17.1299991607666,17.219999313354492,17.100000381469727,17.219999313354492,1158000,0,0
2019-11-15 00:00:00+08:00,17.299999237060547,17.309999465942383,17.15999984741211,17.25,1042764,0,0
2019-11-18 00:00:00+08:00,17.25,17.280000686645508,17.1299991607666,17.25,1000412,0,0
2019-11-19 00:00:00+08:00,17.25,17.360000610351562,17.170000076293945,17.34000015258789,1301058,0,0
2019-11-20 00:00:00+08:00,17.350000381469727,17.399999618530273,17.290000915527344,17.350000381469727,1171000,0,0
2019-11-21 00:00:00+08:00,17.280000686645508,17.280000686645508,17.200000762939453,17.270000457763672,887696,0,0
2019-11-22 00:00:00+08:00,17.270000457763672,17.5,17.139999389648438,17.190000534057617,1682989,0,0
2019-11-25 00:00:00+08:00,17.15999984741211,17.190000534057617,17.110000610351562,17.139999389648438,1142075,0,0
2019-11-26 00:00:00+08:00,17.190000534057617,17.280000686645508,17.149999618530273,17.190000534057617,1213169,0,0
2019-11-27 00:00:00+08:00,17.149999618530273,17.25,17.06999969482422,17.18000030517578,1204000,0,0
2019-11-28 00:00:00+08:00,17.18000030517578,17.18000030517578,17.110000610351562,17.1200008392334,1007400,0,0
2019-11-29 00:00:00+08:00,17.09000015258789,17.09000015258789,16.950000762939453,16.950000762939453,1345300,0,0
2019-12-02 00:00:00+08:00,17.15999984741211,17.15999984741211,17.100000381469727,17.110000610351562,998191,0,0
2019-12-03 00:00:00+08:00,17.079999923706055,17.079999923706055,17.010000228881836,17.030000686645508,1168000,0,0
2019-12-04 00:00:00+08:00,17.0,17.049999237060547,17.0,17.030000686645508,950500,0,0
2019-12-05 00:00:00+08:00,17.030000686645508,17.190000534057617,17.030000686645508,17.139999389648438,1396075,0,0
2019-12-06 00:00:00+08:00,17.200000762939453,17.299999237060547,17.200000762939453,17.280000686645508,1365200,0,0
2019-12-09 00:00:00+08:00,17.34000015258789,17.489999771118164,17.34000015258789,17.389999389648438,1419058,0,0
2019-12-10 00:00:00+08:00,17.389999389648438,17.440000534057617,17.389999389648438,17.43000030517578,1187000,0,0
2019-12-11 00:00:00+08:00,17.489999771118164,17.520000457763672,17.440000534057617,17.459999084472656,1536000,0,0
2019-12-12 00:00:00+08:00,17.40999984741211,17.43000030517578,17.389999389648438,17.40999984741211,979332,0,0
2019-12-13 00:00:00+08:00,17.420000076293945,17.56999969482422,17.420000076293945,17.520000457763672,1234586,0,0
2019-12-16 00:00:00+08:00,17.600000381469727,17.68000030517578,17.549999237060547,17.68000030517578,0,0,0
2019-12-17 00:00:00+08:00,17.709999084472656,18.049999237060547,17.709999084472656,18.049999237060547,1825338,0,0
2019-12-18 00:00:00+08:00,18.049999237060547,18.100000381469727,17.979999542236328,18.06999969482422,1162340,0,0
2019-12-19 00:00:00+08:00,18.1200008392334,18.1200008392334,18.0,18.049999237060547,1268922,0,0
2019-12-20 00:00:00+08:00,18.040000915527344,18.1200008392334,17.989999771118164,17.989999771118164,1024255,0,0
2019-12-23 00:00:00+08:00,17.959999084472656,17.959999084472656,17.709999084472656,17.739999771118164,1418080,0,0
2019-12-24 00:00:00+08:00,17.729999542236328,17.729999542236328,17.549999237060547,17.6299991607666,1062210,0,0
2019-12-25 00:00:00+08:00,17.709999084472656,17.84000015258789,17.709999084472656,17.81999969482422,1031501,0,0
2019-12-26 00:00:00+08:00,17.860000610351562,17.899999618530273,17.829999923706055,17.84000015258789,923142,0,0
2019-12-27 00:00:00+08:00,17.84000015258789,18.049999237060547,17.84000015258789,18.020000457763672,1117775,0,0
2019-12-30 00:00:00+08:00,17.8799991607666,18.100000381469727,17.799999237060547,18.040000915527344,1071244,0,0
2019-12-31 00:00:00+08:00,18.049999237060547,18.079999923706055,18.0,18.020000457763672,1613490,0,0
2020-01-02 00:00:00+08:00,18.170000076293945,18.559999465942383,18.170000076293945,18.469999313354492,2341000,0,0
2020-01-03 00:00:00+08:00,18.579999923706055,18.6299991607666,18.469999313354492,18.520000457763672,1788349,0,0
2020-01-06 00:00:00+08:00,18.520000457763672,18.829999923706055,18.389999389648438,18.809999465942383,3010613,0,0
2020-01-07 00:00:00+08:00,18.790000915527344,18.8799991607666,18.780000686645508,18.8799991607666,1394299,0,0
2020-01-08 00:00:00+08:00,18.65999984741211,18.93000030517578,18.65999984741211,18.799999237060547,1256853,0,0
2020-01-09 00:00:00+08:00,18.8799991607666,19.0,18.850000381469727,18.920000076293945,1381414,0,0
2020-01-10 00:00:00+08:00,18.950000762939453,19.06999969482422,18.889999389648438,18.889999389648438,1288249,0,0
2020-01-13 00:00:00+08:00,18.90999984741211,19.110000610351562,18.90999984741211,19.09000015258789,1308263,0,0
2020-01-14 00:00:00+08:00,19.280000686645508,19.329999923706055,19.200000762939453,19.25,1529291,0,0
2020-01-15 00:00:00+08:00,19.200000762939453,19.200000762939453,18.979999542236328,18.979999542236328,1149509,0,0
2020-01-16 00:00:00+08:00,19.0,19.239999771118164,19.0,19.15999984741211,1231309,0,0
2020-01-17 00:00:00+08:00,19.200000762939453,19.209999084472656,19.09000015258789,19.09000015258789,1247149,0,0
2020-01-20 00:00:00+08:00,19.18000030517578,19.34000015258789,19.1200008392334,19.31999969482422,1395517,0,0
2020-01-30 00:00:00+08:00,18.0,18.0,17.290000915527344,17.290000915527344,2441365,0,0
2020-01-31 00:00:00+08:00,17.25,17.639999389648438,17.25,17.309999465942383,1598200,0,0
2020-02-03 00:00:00+08:00,16.700000762939453,17.18000030517578,16.520000457763672,17.030000686645508,1733057,0,0
2020-02-04 00:00:00+08:00,17.600000381469727,17.600000381469727,17.149999618530273,17.149999618530273,1324129,0,0
2020-02-05 00:00:00+08:00,17.299999237060547,17.729999542236328,17.18000030517578,17.610000610351562,1632000,0,0
2020-02-06 00:00:00+08:00,17.690000534057617,18.18000030517578,17.6200008392334,18.139999389648438,2263000,0,0
2020-02-07 00:00:00+08:00,17.84000015258789,18.360000610351562,17.84000015258789,18.139999389648438,2473784,0,0
2020-02-10 00:00:00+08:00,18.049999237060547,18.40999984741211,18.040000915527344,18.280000686645508,1928639,0,0
2020-02-11 00:00:00+08:00,18.34000015258789,18.510000228881836,18.34000015258789,18.450000762939453,1506000,0,0
2020-02-12 00:00:00+08:00,18.31999969482422,18.6200008392334,18.25,18.610000610351562,2299408,0,0
2020-02-13 00:00:00+08:00,18.6299991607666,18.799999237060547,18.559999465942383,18.600000381469727,1323315,0,0
2020-02-14 00:00:00+08:00,18.600000381469727,18.799999237060547,18.489999771118164,18.65999984741211,1168990,0,0
2020-02-17 00:00:00+08:00,18.65999984741211,19.079999923706055,18.549999237060547,19.059999465942383,2287213,0,0
2020-02-18 00:00:00+08:00,18.989999771118164,19.260000228881836,18.950000762939453,19.18000030517578,1604160,0,0
2020-02-19 00:00:00+08:00,19.200000762939453,19.489999771118164,19.200000762939453,19.440000534057617,1649598,0,0
2020-02-20 00:00:00+08:00,19.3700008392334,19.510000228881836,19.229999542236328,19.5,1662935,0,0
2020-02-21 00:00:00+08:00,19.420000076293945,19.920000076293945,19.420000076293945,19.860000610351562,3124708,0,0
2020-02-24 00:00:00+08:00,19.700000762939453,20.079999923706055,19.56999969482422,20.079999923706055,3421791,0,0
2020-02-25 00:00:00+08:00,19.700000762939453,20.139999389648438,19.520000457763672,19.979999542236328,5100418,0,0
2020-02-26 00:00:00+08:00,19.979999542236328,20.149999618530273,19.84000015258789,20.09000015258789,4099554,0,0
2020-02-27 00:00:00+08:00,19.899999618530273,19.950000762939453,19.600000381469727,19.850000381469727,2182956,0,0
2020-03-02 00:00:00+08:00,19.5,19.5,19.040000915527344,19.350000381469727,1112526,0,0
2020-03-03 00:00:00+08:00,19.540000915527344,19.90999984741211,19.540000915527344,19.600000381469727,1481680,0,0
2020-03-04 00:00:00+08:00,19.600000381469727,19.600000381469727,19.350000381469727,19.350000381469727,1156107,0,0
2020-03-05 00:00:00+08:00,19.799999237060547,19.899999618530273,19.65999984741211,19.829999923706055,1344300,0,0
2020-03-06 00:00:00+08:00,19.719999313354492,19.780000686645508,19.649999618530273,19.729999542236328,1584431,0,0
2020-03-09 00:00:00+08:00,19.600000381469727,19.600000381469727,18.920000076293945,18.920000076293945,1037493,0,0
2020-03-10 00:00:00+08:00,18.899999618530273,19.299999237060547,18.700000762939453,19.299999237060547,1932000,0,0
2020-03-11 00:00:00+08:00,19.450000762939453,19.479999542236328,19.25,19.290000915527344,1474227,0,0
2020-03-12 00:00:00+08:00,19.290000915527344,19.290000915527344,18.56999969482422,18.739999771118164,1083306,0,0
2020-03-13 00:00:00+08:00,18.299999237060547,18.65999984741211,17.6200008392334,18.65999984741211,1817000,0,0
2020-03-16 00:00:00+08:00,18.5,18.5,18.149999618530273,18.15999984741211,1172000,0,0
2020-03-17 00:00:00+08:00,17.5,17.940000534057617,17.1200008392334,17.670000076293945,936100,0,0
2020-03-18 00:00:00+08:00,17.670000076293945,18.030000686645508,17.670000076293945,17.799999237060547,1335641,0,0
2020-03-19 00:00:00+08:00,17.059999465942383,17.25,16.739999771118164,17.040000915527344,1274893,0,0
2020-03-20 00:00:00+08:00,18.0,18.0,17.31999969482422,17.350000381469727,1451001,0,0
2020-03-23 00:00:00+08:00,17.350000381469727,17.350000381469727,17.049999237060547,17.049999237060547,880000,0,0
2020-03-24 00:00:00+08:00,17.049999237060547,17.299999237060547,16.989999771118164,16.989999771118164,1316000,0,0
2020-03-25 00:00:00+08:00,16.989999771118164,17.809999465942383,16.989999771118164,17.56999969482422,929899,0,0
2020-03-26 00:00:00+08:00,17.559999465942383,17.639999389648438,17.450000762939453,17.559999465942383,1123501,0,0
2020-03-27 00:00:00+08:00,17.559999465942383,17.709999084472656,17.530000686645508,17.559999465942383,981000,0,0
2020-03-30 00:00:00+08:00,17.25,17.25,16.8799991607666,17.020000457763672,1237000,0,0
2020-03-31 00:00:00+08:00,17.1200008392334,17.270000457763672,17.049999237060547,17.1200008392334,1226000,0,0
2020-04-01 00:00:00+08:00,17.190000534057617,17.239999771118164,17.15999984741211,17.209999084472656,877000,0,0
2020-04-06 00:00:00+08:00,17.360000610351562,17.489999771118164,17.360000610351562,17.450000762939453,940056,0,0
2020-04-07 00:00:00+08:00,17.780000686645508,17.799999237060547,17.65999984741211,17.709999084472656,890000,0,0
2020-04-08 00:00:00+08:00,17.709999084472656,17.780000686645508,17.690000534057617,17.770000457763672,882048,0,0
2020-04-09 00:00:00+08:00,17.799999237060547,17.860000610351562,17.790000915527344,17.829999923706055,864467,0,0
2020-04-10 00:00:00+08:00,17.899999618530273,17.940000534057617,17.6299991607666,17.639999389648438,958000,0,0
2020-04-13 00:00:00+08:00,17.510000228881836,17.540000915527344,17.450000762939453,17.459999084472656,1013400,0,0
2020-04-14 00:00:00+08:00,17.540000915527344,17.65999984741211,17.520000457763672,17.65999984741211,945000,0,0
2020-04-15 00:00:00+08:00,17.81999969482422,17.850000381469727,17.760000228881836,17.850000381469727,1060000,0,0
2020-04-16 00:00:00+08:00,17.5,17.860000610351562,17.5,17.84000015258789,866000,0,0
2020-04-17 00:00:00+08:00,17.84000015258789,18.100000381469727,17.84000015258789,18.059999465942383,1057001,0,0
2020-04-20 00:00:00+08:00,18.229999542236328,18.229999542236328,17.940000534057617,18.020000457763672,1033533,0,0
2020-04-21 00:00:00+08:00,18.0,18.0,17.75,17.75,1289908,0,0
2020-04-22 00:00:00+08:00,17.760000228881836,17.959999084472656,17.760000228881836,17.959999084472656,975008,0,0
2020-04-23 00:00:00+08:00,18.170000076293945,18.170000076293945,17.979999542236328,18.049999237060547,923008,0,0
2020-04-24 00:00:00+08:00,17.950000762939453,17.950000762939453,17.850000381469727,17.850000381469727,948000,0,0
2020-04-27 00:00:00+08:00,17.8799991607666,17.940000534057617,17.799999237060547,17.8799991607666,1243300,0,0
2020-04-28 00:00:00+08:00,17.8799991607666,17.8799991607666,17.3799991607666,17.75,1349194,0,0
2020-04-29 00:00:00+08:00,17.639999389648438,17.790000915527344,17.639999389648438,17.700000762939453,1063500,0,0
2020-04-30 00:00:00+08:00,17.709999084472656,18.059999465942383,17.709999084472656,18.040000915527344,1060000,0,0
2020-05-04 00:00:00+08:00,17.770000457763672,17.799999237060547,17.219999313354492,17.219999313354492,1297200,0,0
2020-05-05 00:00:00+08:00,17.399999618530273,17.399999618530273,17.229999542236328,17.299999237060547,942044,0,0
2020-05-06 00:00:00+08:00,17.350000381469727,18.030000686645508,17.350000381469727,18.020000457763672,1834323,0,0
2020-05-07 00:00:00+08:00,18.0,18.190000534057617,18.0,18.100000381469727,1253509,0,0
2020-05-08 00:00:00+08:00,18.1200008392334,18.420000076293945,18.1200008392334,18.420000076293945,1151000,0,0
2020-05-11 00:00:00+08:00,18.43000030517578,18.520000457763672,18.34000015258789,18.34000015258789,861050,0,0
2020-05-12 00:00:00+08:00,18.34000015258789,18.34000015258789,18.149999618530273,18.229999542236328,1025891,0,0
2020-05-13 00:00:00+08:00,18.229999542236328,18.350000381469727,18.229999542236328,18.34000015258789,1054017,0,0
2020-05-14 00:00:00+08:00,18.229999542236328,18.34000015258789,18.229999542236328,18.290000915527344,942001,0,0
2020-05-15 00:00:00+08:00,18.309999465942383,18.3799991607666,18.219999313354492,18.350000381469727,1056179,0,0
2020-05-18 00:00:00+08:00,18.229999542236328,18.350000381469727,18.09000015258789,18.350000381469727,1202000,0,0
2020-05-19 00:00:00+08:00,18.350000381469727,18.350000381469727,18.280000686645508,18.329999923706055,871000,0,0
2020-05-20 00:00:00+08:00,18.350000381469727,18.450000762939453,18.309999465942383,18.329999923706055,1058200,0,0
2020-05-21 00:00:00+08:00,18.34000015258789,18.34000015258789,18.200000762939453,18.200000762939453,1132170,0,0
2020-05-22 00:00:00+08:00,18.09000015258789,18.09000015258789,17.700000762939453,17.709999084472656,1026237,0,0
2020-05-25 00:00:00+08:00,17.690000534057617,17.719999313354492,17.6299991607666,17.690000534057617,1084000,0,0
2020-05-26 00:00:00+08:00,17.8799991607666,17.920000076293945,17.84000015258789,17.899999618530273,870000,0,0
2020-05-27 00:00:00+08:00,17.899999618530273,18.100000381469727,17.850000381469727,17.850000381469727,924110,0,0
2020-05-28 00:00:00+08:00,17.700000762939453,17.850000381469727,17.530000686645508,17.649999618530273,980273,0,0
2020-05-29 00:00:00+08:00,17.600000381469727,17.899999618530273,17.540000915527344,17.850000381469727,962618,0,0
2020-06-01 00:00:00+08:00,17.809999465942383,18.479999542236328,17.809999465942383,18.479999542236328,1440772,0,0
2020-06-02 00:00:00+08:00,18.479999542236328,18.5,18.399999618530273,18.5,1137000,0,0
2020-06-03 00:00:00+08:00,18.600000381469727,18.65999984741211,18.540000915527344,18.600000381469727,1194100,0,0
2020-06-04 00:00:00+08:00,18.690000534057617,18.690000534057617,18.389999389648438,18.549999237060547,1078200,0,0
2020-06-05 00:00:00+08:00,18.530000686645508,18.530000686645508,18.420000076293945,18.450000762939453,939497,0,0
2020-06-08 00:00:00+08:00,18.59000015258789,18.690000534057617,18.489999771118164,18.559999465942383,1255377,0,0
2020-06-09 00:00:00+08:00,18.559999465942383,18.639999389648438,18.540000915527344,18.600000381469727,1060000,0,0
2020-06-10 00:00:00+08:00,18.600000381469727,18.639999389648438,18.56999969482422,18.59000015258789,1039005,0,0
2020-06-11 00:00:00+08:00,18.540000915527344,18.729999542236328,18.530000686645508,18.540000915527344,1382000,0,0
2020-06-12 00:00:00+08:00,18.100000381469727,18.510000228881836,18.100000381469727,18.510000228881836,1086201,0,0
2020-06-15 00:00:00+08:00,18.610000610351562,18.6200008392334,18.420000076293945,18.530000686645508,999731,0,0
2020-06-16 00:00:00+08:00,18.5,18.709999084472656,18.5,18.700000762939453,1091646,0,0
2020-06-17 00:00:00+08:00,18.790000915527344,18.81999969482422,18.700000762939453,18.799999237060547,1261269,0,0
2020-06-18 00:00:00+08:00,18.829999923706055,18.920000076293945,18.790000915527344,18.889999389648438,930000,0,0
2020-06-19 00:00:00+08:00,18.8700008392334,19.020000457763672,18.8700008392334,19.020000457763672,986800,0,0
2020-06-22 00:00:00+08:00,19.020000457763672,19.149999618530273,19.0,19.1299991607666,1257448,0,0
2020-06-23 00:00:00+08:00,19.059999465942383,19.170000076293945,18.940000534057617,19.1299991607666,1022000,0,0
2020-06-24 00:00:00+08:00,19.25,19.280000686645508,19.1299991607666,19.1299991607666,1234550,0,0
2020-06-29 00:00:00+08:00,19.049999237060547,19.049999237060547,18.920000076293945,18.940000534057617,1180200,0,0
2020-06-30 00:00:00+08:00,19.110000610351562,19.350000381469727,19.110000610351562,19.350000381469727,1219610,0,0
2020-07-01 00:00:00+08:00,19.350000381469727,19.520000457763672,19.219999313354492,19.329999923706055,1158400,0,0
2020-07-02 00:00:00+08:00,19.489999771118164,19.6200008392334,19.489999771118164,19.610000610351562,1126927,0,0
2020-07-03 00:00:00+08:00,19.719999313354492,19.899999618530273,19.690000534057617,19.8700008392334,1361993,0,0
2020-07-06 00:00:00+08:00,20.0,20.760000228881836,20.0,20.639999389648438,2821128,0,0
2020-07-07 00:00:00+08:00,20.639999389648438,21.350000381469727,20.639999389648438,21.31999969482422,3966653,0,0
2020-07-08 00:00:00+08:00,21.100000381469727,21.459999084472656,20.790000915527344,21.420000076293945,2224512,0,0
2020-07-09 00:00:00+08:00,21.5,22.280000686645508,21.5,22.260000228881836,2798915,0,0
2020-07-10 00:00:00+08:00,22.350000381469727,22.389999389648438,21.860000610351562,22.25,3291183,0,0
2020-07-13 00:00:00+08:00,22.25,22.829999923706055,22.110000610351562,22.770000457763672,2099400,0,0
2020-07-14 00:00:00+08:00,22.65999984741211,22.829999923706055,22.299999237060547,22.299999237060547,1820594,0,0
2020-07-15 00:00:00+08:00,22.399999618530273,22.700000762939453,21.959999084472656,22.299999237060547,1558531,0,0
2020-07-16 00:00:00+08:00,22.139999389648438,22.209999084472656,21.469999313354492,21.469999313354492,1331000,0,0
2020-07-17 00:00:00+08:00,21.0,21.43000030517578,20.899999618530273,20.940000534057617,1737440,0,0
2020-07-20 00:00:00+08:00,21.079999923706055,21.6299991607666,21.079999923706055,21.6200008392334,1336600,0,0
2020-07-21 00:00:00+08:00,21.6299991607666,21.969999313354492,21.600000381469727,21.600000381469727,1120497,0,0
2020-07-22 00:00:00+08:00,21.610000610351562,22.200000762939453,21.610000610351562,22.059999465942383,1220626,0,0
2020-07-23 00:00:00+08:00,21.780000686645508,21.90999984741211,21.309999465942383,21.760000228881836,1961000,0,0
2020-07-24 00:00:00+08:00,21.760000228881836,21.799999237060547,21.0,21.139999389648438,1387000,0,0
2020-07-27 00:00:00+08:00,20.959999084472656,21.049999237060547,20.68000030517578,20.799999237060547,1265100,0,0
2020-07-28 00:00:00+08:00,20.90999984741211,21.149999618530273,20.90999984741211,20.940000534057617,1378858,0,0
2020-07-29 00:00:00+08:00,20.950000762939453,21.43000030517578,20.950000762939453,21.43000030517578,1235100,0,0
2020-07-30 00:00:00+08:00,21.5,21.639999389648438,21.479999542236328,21.489999771118164,931200,0,0
2020-07-31 00:00:00+08:00,21.489999771118164,21.8799991607666,21.3799991607666,21.670000076293945,1371533,0,0
2020-08-03 00:00:00+08:00,21.829999923706055,22.209999084472656,21.829999923706055,22.18000030517578,2152915,0,0
2020-08-04 00:00:00+08:00,22.3700008392334,22.399999618530273,22.149999618530273,22.170000076293945,1148028,0,0
2020-08-05 00:00:00+08:00,22.110000610351562,22.469999313354492,22.040000915527344,22.399999618530273,1576457,0,0
2020-08-06 00:00:00+08:00,22.450000762939453,22.5,22.110000610351562,22.420000076293945,1610350,0,0
2020-08-07 00:00:00+08:00,22.420000076293945,22.450000762939453,21.829999923706055,21.829999923706055,1263865,0,0
2020-08-10 00:00:00+08:00,22.1200008392334,22.299999237060547,21.989999771118164,22.299999237060547,1996092,0,0
2020-08-11 00:00:00+08:00,22.299999237060547,22.489999771118164,22.299999237060547,22.420000076293945,1264195,0,0
2020-08-12 00:00:00+08:00,21.979999542236328,21.979999542236328,21.309999465942383,21.360000610351562,1515585,0,0
2020-08-13 00:00:00+08:00,21.809999465942383,21.90999984741211,21.760000228881836,21.90999984741211,1152200,0,0
2020-08-14 00:00:00+08:00,21.809999465942383,22.0,21.780000686645508,21.93000030517578,1033748,0,0
2020-08-17 00:00:00+08:00,22.079999923706055,22.530000686645508,22.079999923706055,22.5,1380424,0,0
2020-08-18 00:00:00+08:00,22.5,22.709999084472656,22.489999771118164,22.709999084472656,1377867,0,0
2020-08-19 00:00:00+08:00,22.649999618530273,22.649999618530273,22.3700008392334,22.600000381469727,971221,0,0
2020-08-20 00:00:00+08:00,22.1299991607666,22.209999084472656,21.989999771118164,22.139999389648438,1058200,0,0
2020-08-21 00:00:00+08:00,22.209999084472656,22.399999618530273,22.209999084472656,22.34000015258789,958300,0,0
2020-08-24 00:00:00+08:00,22.34000015258789,22.389999389648438,22.049999237060547,22.34000015258789,1169643,0,0
2020-08-25 00:00:00+08:00,22.34000015258789,22.520000457763672,22.25,22.25,908309,0,0
2020-08-26 00:00:00+08:00,22.280000686645508,22.280000686645508,21.899999618530273,22.049999237060547,1115601,0,0
2020-08-27 00:00:00+08:00,22.049999237060547,22.110000610351562,21.829999923706055,22.059999465942383,974924,0,0
2020-08-28 00:00:00+08:00,22.059999465942383,22.219999313354492,22.020000457763672,22.209999084472656,956107,0,0
2020-08-31 00:00:00+08:00,22.5,22.809999465942383,22.5,22.700000762939453,1475000,0,0
2020-09-01 00:00:00+08:00,22.700000762939453,22.700000762939453,22.469999313354492,22.639999389648438,910550,0,0
2020-09-02 00:00:00+08:00,22.799999237060547,22.799999237060547,22.440000534057617,22.670000076293945,925092,0,0
2020-09-03 00:00:00+08:00,22.610000610351562,22.729999542236328,22.540000915527344,22.610000610351562,1268199,0,0
2020-09-04 00:00:00+08:00,22.209999084472656,22.209999084472656,22.139999389648438,22.18000030517578,1398001,0,0
2020-09-07 00:00:00+08:00,22.34000015258789,22.479999542236328,22.270000457763672,22.280000686645508,871000,0,0
2020-09-08 00:00:00+08:00,21.979999542236328,22.0,21.770000457763672,21.90999984741211,1314223,0,0
2020-09-09 00:00:00+08:00,21.90999984741211,21.90999984741211,21.290000915527344,21.649999618530273,908811,0,0
2020-09-10 00:00:00+08:00,21.520000457763672,21.559999465942383,21.25,21.3799991607666,1113795,0,0
2020-09-11 00:00:00+08:00,21.079999923706055,21.18000030517578,21.020000457763672,21.149999618530273,1255100,0,0
2020-09-14 00:00:00+08:00,21.469999313354492,21.510000228881836,21.31999969482422,21.34000015258789,1151190,0,0
2020-09-15 00:00:00+08:00,21.399999618530273,21.59000015258789,21.399999618530273,21.549999237060547,830700,0,0
2020-09-16 00:00:00+08:00,21.579999923706055,21.59000015258789,21.479999542236328,21.510000228881836,925223,0,0
2020-09-17 00:00:00+08:00,21.479999542236328,21.479999542236328,21.260000228881836,21.34000015258789,964853,0,0
2020-09-18 00:00:00+08:00,21.670000076293945,21.809999465942383,21.6299991607666,21.809999465942383,882000,0,0
2020-09-21 00:00:00+08:00,21.860000610351562,21.860000610351562,21.6200008392334,21.649999618530273,994001,0,0
2020-09-22 00:00:00+08:00,21.540000915527344,21.690000534057617,21.540000915527344,21.65999984741211,859622,0,0
2020-09-23 00:00:00+08:00,21.3799991607666,21.5,21.3799991607666,21.5,882000,0,0
2020-09-24 00:00:00+08:00,21.18000030517578,21.25,21.0,21.09000015258789,955000,0,0
2020-09-25 00:00:00+08:00,21.020000457763672,21.170000076293945,20.940000534057617,21.0,940000,0,0
2020-09-28 00:00:00+08:00,21.079999923706055,21.079999923706055,20.760000228881836,20.920000076293945,1232000,0,0
2020-09-29 00:00:00+08:00,20.780000686645508,20.950000762939453,20.65999984741211,20.799999237060547,1197858,0,0
2020-09-30 00:00:00+08:00,20.8799991607666,20.969999313354492,20.729999542236328,20.729999542236328,905000,0,0
2020-10-05 00:00:00+08:00,20.81999969482422,20.81999969482422,20.729999542236328,20.739999771118164,281935,0,0
2020-10-06 00:00:00+08:00,20.8700008392334,21.049999237060547,20.850000381469727,21.049999237060547,545404,0,0
2020-10-07 00:00:00+08:00,21.020000457763672,21.059999465942383,21.0,21.059999465942383,832715,0,0
2020-10-08 00:00:00+08:00,21.059999465942383,21.059999465942383,21.049999237060547,21.049999237060547,868977,0,0
2020-10-12 00:00:00+08:00,21.399999618530273,21.850000381469727,21.399999618530273,21.850000381469727,1191083,0,0
2020-10-13 00:00:00+08:00,21.81999969482422,21.81999969482422,21.610000610351562,21.75,1148199,0,0
2020-10-14 00:00:00+08:00,21.760000228881836,21.799999237060547,21.700000762939453,21.709999084472656,851000,0,0
2020-10-15 00:00:00+08:00,21.799999237060547,21.889999389648438,21.75,21.799999237060547,960612,0,0
2020-10-16 00:00:00+08:00,21.790000915527344,21.809999465942383,21.559999465942383,21.6299991607666,1532100,0,0
2020-10-19 00:00:00+08:00,21.860000610351562,21.90999984741211,21.59000015258789,21.600000381469727,997749,0,0
2020-10-20 00:00:00+08:00,21.520000457763672,21.559999465942383,21.450000762939453,21.549999237060547,356378,0,0
2020-10-21 00:00:00+08:00,21.729999542236328,21.760000228881836,21.479999542236328,21.540000915527344,1003000,0,0
2020-10-22 00:00:00+08:00,21.489999771118164,21.489999771118164,21.280000686645508,21.40999984741211,1013177,0,0
2020-10-23 00:00:00+08:00,21.3799991607666,21.479999542236328,21.25,21.25,1038013,0,0
2020-10-26 00:00:00+08:00,21.200000762939453,21.200000762939453,20.780000686645508,20.979999542236328,984683,0,0
2020-10-27 00:00:00+08:00,20.899999618530273,20.899999618530273,20.780000686645508,20.8799991607666,825812,0,0
2020-10-28 00:00:00+08:00,20.850000381469727,20.93000030517578,20.670000076293945,20.920000076293945,1093500,0,0
2020-10-29 00:00:00+08:00,20.920000076293945,21.020000457763672,20.649999618530273,21.0,964000,0,0
2020-10-30 00:00:00+08:00,20.940000534057617,20.940000534057617,20.850000381469727,20.889999389648438,854000,0,0
2020-11-02 00:00:00+08:00,20.600000381469727,20.760000228881836,20.600000381469727,20.700000762939453,978000,0,0
2020-11-03 00:00:00+08:00,20.84000015258789,21.030000686645508,20.84000015258789,20.989999771118164,868500,0,0
2020-11-04 00:00:00+08:00,20.940000534057617,21.059999465942383,20.649999618530273,20.860000610351562,1293021,0,0
2020-11-05 00:00:00+08:00,21.31999969482422,21.420000076293945,21.260000228881836,21.420000076293945,1169007,0,0
2020-11-06 00:00:00+08:00,21.68000030517578,21.700000762939453,21.260000228881836,21.299999237060547,981000,0,0
2020-11-09 00:00:00+08:00,21.600000381469727,22.049999237060547,21.600000381469727,22.049999237060547,1587753,0,0
2020-11-10 00:00:00+08:00,21.81999969482422,21.850000381469727,21.700000762939453,21.809999465942383,989719,0,0
2020-11-11 00:00:00+08:00,21.6299991607666,21.690000534057617,21.549999237060547,21.649999618530273,1218023,0,0
2020-11-12 00:00:00+08:00,21.450000762939453,21.489999771118164,21.3799991607666,21.420000076293945,969000,0,0
2020-11-13 00:00:00+08:00,21.40999984741211,21.40999984741211,21.1299991607666,21.25,1062430,0,0
2020-11-16 00:00:00+08:00,21.559999465942383,21.75,21.469999313354492,21.75,1165406,0,0
2020-11-17 00:00:00+08:00,21.729999542236328,21.739999771118164,21.600000381469727,21.6200008392334,1110908,0,0
2020-11-18 00:00:00+08:00,21.790000915527344,21.829999923706055,21.709999084472656,21.81999969482422,1068231,0,0
2020-11-19 00:00:00+08:00,21.690000534057617,21.729999542236328,21.6200008392334,21.709999084472656,991597,0,0
2020-11-20 00:00:00+08:00,21.739999771118164,21.860000610351562,21.739999771118164,21.84000015258789,974188,0,0
2020-11-23 00:00:00+08:00,21.940000534057617,22.200000762939453,21.940000534057617,22.200000762939453,1156000,0,0
2020-11-24 00:00:00+08:00,22.200000762939453,22.200000762939453,22.059999465942383,22.09000015258789,884135,0,0
2020-11-25 00:00:00+08:00,22.190000534057617,22.190000534057617,21.8799991607666,21.8799991607666,339100,0,0
2020-11-26 00:00:00+08:00,21.809999465942383,21.809999465942383,21.549999237060547,21.670000076293945,1097000,0,0
2020-11-27 00:00:00+08:00,21.670000076293945,21.670000076293945,21.489999771118164,21.520000457763672,440726,0,0
2020-11-30 00:00:00+08:00,21.799999237060547,21.920000076293945,21.760000228881836,21.770000457763672,1476000,0,0
2020-12-01 00:00:00+08:00,21.790000915527344,21.979999542236328,21.790000915527344,21.950000762939453,944023,0,0
2020-12-02 00:00:00+08:00,21.979999542236328,22.09000015258789,21.950000762939453,22.06999969482422,1122100,0,0
2020-12-03 00:00:00+08:00,21.989999771118164,22.100000381469727,21.959999084472656,22.079999923706055,1033000,0,0
2020-12-04 00:00:00+08:00,22.0,22.0,21.8799991607666,22.0,953000,0,0
2020-12-07 00:00:00+08:00,22.0,22.020000457763672,21.899999618530273,22.0,874458,0,0
2020-12-08 00:00:00+08:00,21.889999389648438,21.989999771118164,21.829999923706055,21.989999771118164,823002,0,0
2020-12-09 00:00:00+08:00,21.90999984741211,21.90999984741211,21.799999237060547,21.799999237060547,986400,0,0
2020-12-10 00:00:00+08:00,21.3799991607666,21.610000610351562,21.3799991607666,21.59000015258789,955023,0,0
2020-12-11 00:00:00+08:00,21.579999923706055,21.579999923706055,21.059999465942383,21.110000610351562,967100,0,0
2020-12-14 00:00:00+08:00,21.110000610351562,21.25,21.110000610351562,21.200000762939453,877000,0,0
2020-12-15 00:00:00+08:00,21.15999984741211,21.190000534057617,21.139999389648438,21.139999389648438,1121000,0,0
2020-12-16 00:00:00+08:00,21.149999618530273,21.290000915527344,21.100000381469727,21.290000915527344,846140,0,0
2020-12-17 00:00:00+08:00,21.290000915527344,21.440000534057617,21.09000015258789,21.399999618530273,1148295,0,0
2020-12-18 00:00:00+08:00,21.450000762939453,21.469999313354492,21.309999465942383,21.309999465942383,812000,0,0
2020-12-21 00:00:00+08:00,21.309999465942383,21.68000030517578,21.309999465942383,21.610000610351562,890000,0,0
2020-12-22 00:00:00+08:00,21.59000015258789,21.59000015258789,21.479999542236328,21.479999542236328,829000,0,0
2020-12-23 00:00:00+08:00,21.229999542236328,21.479999542236328,21.229999542236328,21.40999984741211,861000,0,0
2020-12-24 00:00:00+08:00,21.3700008392334,21.389999389648438,21.139999389648438,21.190000534057617,890035,0,0
2020-12-25 00:00:00+08:00,21.190000534057617,21.309999465942383,21.190000534057617,21.309999465942383,827277,0,0
2020-12-28 00:00:00+08:00,21.280000686645508,21.280000686645508,21.15999984741211,21.229999542236328,869000,0,0
2020-12-29 00:00:00+08:00,21.200000762939453,21.25,21.1200008392334,21.149999618530273,891252,0,0
2020-12-30 00:00:00+08:00,21.1200008392334,21.440000534057617,21.1200008392334,21.350000381469727,960235,0,0
2020-12-31 00:00:00+08:00,21.31999969482422,21.690000534057617,21.31999969482422,21.549999237060547,1355000,0,0
2021-01-04 00:00:00+08:00,21.700000762939453,22.200000762939453,21.700000762939453,22.1299991607666,1350332,0,0
2021-01-05 00:00:00+08:00,22.1299991607666,22.219999313354492,22.030000686645508,22.190000534057617,386000,0,0
2021-01-06 00:00:00+08:00,22.5,22.5,22.1299991607666,22.25,453000,0,0
2021-01-07 00:00:00+08:00,22.270000457763672,22.43000030517578,22.209999084472656,22.350000381469727,824368,0,0
2021-01-08 00:00:00+08:00,22.489999771118164,22.559999465942383,22.219999313354492,22.3799991607666,651000,0,0
2021-01-11 00:00:00+08:00,22.489999771118164,22.489999771118164,22.209999084472656,22.209999084472656,818000,0,0
2021-01-12 00:00:00+08:00,21.899999618530273,22.25,21.899999618530273,22.25,656046,0,0
2021-01-13 00:00:00+08:00,22.520000457763672,22.540000915527344,22.290000915527344,22.290000915527344,882000,0,0
2021-01-14 00:00:00+08:00,22.299999237060547,22.299999237060547,21.93000030517578,22.190000534057617,742000,0,0
2021-01-15 00:00:00+08:00,21.920000076293945,21.940000534057617,21.709999084472656,21.729999542236328,619000,0,0
2021-01-18 00:00:00+08:00,21.729999542236328,22.280000686645508,21.719999313354492,22.280000686645508,899634,0,0
2021-01-19 00:00:00+08:00,22.309999465942383,22.34000015258789,22.15999984741211,22.25,659327,0,0
2021-01-20 00:00:00+08:00,22.25,22.329999923706055,22.200000762939453,22.229999542236328,780000,0,0
2021-01-21 00:00:00+08:00,22.229999542236328,22.690000534057617,22.229999542236328,22.639999389648438,726295,0,0
2021-01-22 00:00:00+08:00,22.56999969482422,22.600000381469727,22.450000762939453,22.530000686645508,682000,0,0
2021-01-25 00:00:00+08:00,22.610000610351562,22.799999237060547,22.459999084472656,22.75,706000,0,0
2021-01-26 00:00:00+08:00,22.56999969482422,22.579999923706055,22.299999237060547,22.309999465942383,966044,0,0
2021-01-27 00:00:00+08:00,22.260000228881836,22.3799991607666,22.190000534057617,22.3700008392334,572510,0,0
2021-01-28 00:00:00+08:00,22.290000915527344,22.290000915527344,21.899999618530273,21.959999084472656,815150,0,0
2021-01-29 00:00:00+08:00,21.75,21.81999969482422,21.700000762939453,21.700000762939453,582000,0,0
2021-02-01 00:00:00+08:00,21.700000762939453,21.790000915527344,21.700000762939453,21.790000915527344,547000,0,0
2021-02-02 00:00:00+08:00,21.860000610351562,21.959999084472656,21.850000381469727,21.959999084472656,559000,0,0
2021-02-03 00:00:00+08:00,21.8799991607666,22.049999237060547,21.8799991607666,22.049999237060547,675058,0,0
2021-02-04 00:00:00+08:00,21.75,21.790000915527344,21.459999084472656,21.489999771118164,648000,0,0
2021-02-05 00:00:00+08:00,21.549999237060547,21.84000015258789,21.520000457763672,21.520000457763672,664000,0,0
2021-02-17 00:00:00+08:00,21.950000762939453,22.969999313354492,21.950000762939453,22.860000610351562,849000,0,0
2021-02-18 00:00:00+08:00,22.860000610351562,22.860000610351562,22.520000457763672,22.75,1136162,0,0
2021-02-19 00:00:00+08:00,22.600000381469727,22.739999771118164,22.40999984741211,22.739999771118164,873219,0,0
2021-02-22 00:00:00+08:00,22.799999237060547,23.229999542236328,22.799999237060547,23.110000610351562,1618050,0,0
2021-02-23 00:00:00+08:00,22.549999237060547,22.739999771118164,22.540000915527344,22.709999084472656,876400,0,0
2021-02-24 00:00:00+08:00,22.540000915527344,22.540000915527344,22.190000534057617,22.329999923706055,757100,0,0
2021-02-25 00:00:00+08:00,22.290000915527344,22.290000915527344,22.100000381469727,22.200000762939453,673000,0,0
2021-02-26 00:00:00+08:00,22.079999923706055,22.219999313354492,21.559999465942383,21.6299991607666,846000,0,0
2021-03-02 00:00:00+08:00,21.979999542236328,22.059999465942383,21.739999771118164,21.799999237060547,667004,0,0
2021-03-03 00:00:00+08:00,21.799999237060547,22.110000610351562,21.799999237060547,22.040000915527344,749100,0,0
2021-03-04 00:00:00+08:00,21.8700008392334,21.8700008392334,21.639999389648438,21.809999465942383,633000,0,0
2021-03-05 00:00:00+08:00,21.579999923706055,21.739999771118164,21.469999313354492,21.649999618530273,931000,0,0
2021-03-08 00:00:00+08:00,21.8799991607666,22.0,21.290000915527344,21.290000915527344,656075,0,0
2021-03-09 00:00:00+08:00,21.079999923706055,21.18000030517578,20.610000610351562,21.18000030517578,868068,0,0
2021-03-10 00:00:00+08:00,21.15999984741211,21.229999542236328,20.760000228881836,20.84000015258789,842000,0,0
2021-03-11 00:00:00+08:00,20.81999969482422,21.079999923706055,20.799999237060547,21.049999237060547,1753000,0,0
2021-03-12 00:00:00+08:00,21.229999542236328,21.229999542236328,20.979999542236328,21.200000762939453,690000,0,0
2021-03-15 00:00:00+08:00,21.209999084472656,21.209999084472656,20.979999542236328,21.0,772442,0,0
2021-03-16 00:00:00+08:00,21.5,21.5,20.989999771118164,21.139999389648438,660000,0,0
2021-03-17 00:00:00+08:00,21.190000534057617,21.280000686645508,21.190000534057617,21.219999313354492,622198,0,0
2021-03-18 00:00:00+08:00,21.329999923706055,21.530000686645508,21.329999923706055,21.469999313354492,534000,0,0
2021-03-19 00:00:00+08:00,21.3799991607666,21.459999084472656,21.299999237060547,21.299999237060547,803200,0,0
2021-03-22 00:00:00+08:00,21.600000381469727,21.600000381469727,21.5,21.56999969482422,576000,0,0
2021-03-23 00:00:00+08:00,21.479999542236328,21.489999771118164,21.299999237060547,21.360000610351562,610000,0,0
2021-03-24 00:00:00+08:00,21.440000534057617,21.440000534057617,21.1299991607666,21.1299991607666,615000,0,0
2021-03-25 00:00:00+08:00,21.059999465942383,21.190000534057617,21.030000686645508,21.190000534057617,667000,0,0
2021-03-26 00:00:00+08:00,21.239999771118164,21.479999542236328,21.219999313354492,21.479999542236328,873300,0,0
2021-03-29 00:00:00+08:00,21.479999542236328,21.479999542236328,21.350000381469727,21.350000381469727,610711,0,0
2021-03-30 00:00:00+08:00,21.34000015258789,21.399999618530273,21.299999237060547,21.399999618530273,548000,0,0
2021-03-31 00:00:00+08:00,21.25,21.270000457763672,21.170000076293945,21.270000457763672,504110,0,0
2021-04-01 00:00:00+08:00,21.350000381469727,21.40999984741211,21.350000381469727,21.3799991607666,427000,0,0
2021-04-07 00:00:00+08:00,21.489999771118164,21.549999237060547,21.459999084472656,21.540000915527344,412000,0,0
2021-04-08 00:00:00+08:00,21.600000381469727,21.690000534057617,21.469999313354492,21.690000534057617,331075,0,0
2021-04-09 00:00:00+08:00,21.65999984741211,21.65999984741211,21.450000762939453,21.5,603272,0,0
2021-04-12 00:00:00+08:00,21.450000762939453,21.450000762939453,21.260000228881836,21.280000686645508,419000,0,0
2021-04-13 00:00:00+08:00,21.270000457763672,21.299999237060547,21.1299991607666,21.149999618530273,550000,0,0
2021-04-14 00:00:00+08:00,21.360000610351562,21.40999984741211,21.280000686645508,21.399999618530273,472000,0,0
2021-04-15 00:00:00+08:00,21.399999618530273,21.399999618530273,21.219999313354492,21.25,566000,0,0
2021-04-16 00:00:00+08:00,21.3799991607666,21.520000457763672,21.350000381469727,21.520000457763672,665045,0,0
2021-04-19 00:00:00+08:00,21.520000457763672,21.770000457763672,21.520000457763672,21.729999542236328,559000,0,0
2021-04-20 00:00:00+08:00,21.719999313354492,21.920000076293945,21.719999313354492,21.84000015258789,631839,0,0
2021-04-21 00:00:00+08:00,21.639999389648438,21.760000228881836,21.59000015258789,21.690000534057617,417001,0,0
2021-04-22 00:00:00+08:00,21.75,21.950000762939453,21.75,21.950000762939453,530000,0,0
2021-04-23 00:00:00+08:00,21.920000076293945,21.969999313354492,21.739999771118164,21.770000457763672,743000,0,0
2021-04-26 00:00:00+08:00,22.040000915527344,22.18000030517578,21.90999984741211,21.959999084472656,790000,0,0
2021-04-27 00:00:00+08:00,21.729999542236328,21.75,21.600000381469727,21.6200008392334,470268,0,0
2021-04-28 00:00:00+08:00,21.540000915527344,21.81999969482422,21.540000915527344,21.81999969482422,449000,0,0
2021-04-29 00:00:00+08:00,21.8700008392334,21.920000076293945,21.780000686645508,21.850000381469727,499000,0,0
2021-05-03 00:00:00+08:00,21.65999984741211,21.719999313354492,21.639999389648438,21.649999618530273,856000,0,0
2021-05-04 00:00:00+08:00,21.690000534057617,21.690000534057617,21.6299991607666,21.649999618530273,471000,0,0
2021-05-05 00:00:00+08:00,21.649999618530273,21.850000381469727,21.649999618530273,21.799999237060547,595000,0,0
2021-05-06 00:00:00+08:00,21.829999923706055,22.170000076293945,21.780000686645508,21.860000610351562,726082,0,0
2021-05-07 00:00:00+08:00,21.920000076293945,22.020000457763672,21.90999984741211,22.0,671000,0,0
2021-05-10 00:00:00+08:00,21.780000686645508,21.93000030517578,21.709999084472656,21.719999313354492,714367,0,0
2021-05-11 00:00:00+08:00,21.8700008392334,21.959999084472656,21.5,21.959999084472656,922002,0,0
2021-05-12 00:00:00+08:00,21.899999618530273,22.020000457763672,21.899999618530273,22.0,878181,0,0
2021-05-13 00:00:00+08:00,21.959999084472656,21.979999542236328,21.81999969482422,21.84000015258789,989001,0,0
2021-05-14 00:00:00+08:00,21.84000015258789,22.149999618530273,21.799999237060547,22.149999618530273,798200,0,0
2021-05-17 00:00:00+08:00,22.030000686645508,22.549999237060547,22.030000686645508,22.389999389648438,609000,0,0
2021-05-18 00:00:00+08:00,22.389999389648438,22.440000534057617,22.3799991607666,22.420000076293945,502133,0,0
2021-05-19 00:00:00+08:00,22.290000915527344,22.350000381469727,22.260000228881836,22.350000381469727,949000,0,0
2021-05-20 00:00:00+08:00,22.25,22.309999465942383,22.239999771118164,22.309999465942383,326000,0,0
2021-05-21 00:00:00+08:00,22.260000228881836,22.280000686645508,22.030000686645508,22.280000686645508,819000,0,0
2021-05-24 00:00:00+08:00,22.209999084472656,22.270000457763672,22.100000381469727,22.219999313354492,488000,0,0
2021-05-25 00:00:00+08:00,22.260000228881836,22.549999237060547,22.260000228881836,22.5,704200,0,0
2021-05-26 00:00:00+08:00,22.760000228881836,22.760000228881836,22.559999465942383,22.56999969482422,631000,0,0
2021-05-27 00:00:00+08:00,22.520000457763672,22.8700008392334,22.520000457763672,22.719999313354492,1095000,0,0
2021-05-28 00:00:00+08:00,22.959999084472656,22.959999084472656,22.829999923706055,22.829999923706055,574000,0,0
2021-05-31 00:00:00+08:00,22.600000381469727,22.84000015258789,22.600000381469727,22.799999237060547,567000,0,0
2021-06-01 00:00:00+08:00,23.0,23.0,22.540000915527344,22.719999313354492,602113,0,0
2021-06-02 00:00:00+08:00,22.809999465942383,22.84000015258789,22.700000762939453,22.700000762939453,498820,0,0
2021-06-03 00:00:00+08:00,22.68000030517578,22.8799991607666,22.65999984741211,22.850000381469727,604002,0,0
2021-06-04 00:00:00+08:00,22.520000457763672,22.940000534057617,22.520000457763672,22.920000076293945,1037075,0,0
2021-06-07 00:00:00+08:00,22.920000076293945,22.920000076293945,22.700000762939453,22.799999237060547,596000,0,0
2021-06-08 00:00:00+08:00,22.790000915527344,23.0,22.6200008392334,22.6200008392334,742000,0,0
2021-06-09 00:00:00+08:00,22.670000076293945,22.84000015258789,22.670000076293945,22.81999969482422,426000,0,0
2021-06-10 00:00:00+08:00,23.0,23.030000686645508,22.90999984741211,23.0,491000,0,0
2021-06-11 00:00:00+08:00,22.81999969482422,22.920000076293945,22.799999237060547,22.8799991607666,420000,0,0
2021-06-15 00:00:00+08:00,22.799999237060547,22.799999237060547,22.3799991607666,22.549999237060547,523006,0,0
2021-06-16 00:00:00+08:00,22.549999237060547,22.579999923706055,22.139999389648438,22.139999389648438,448000,0,0
2021-06-17 00:00:00+08:00,22.260000228881836,22.290000915527344,22.200000762939453,22.200000762939453,460000,0,0
2021-06-18 00:00:00+08:00,22.200000762939453,22.270000457763672,22.170000076293945,22.260000228881836,471508,0,0
2021-06-21 00:00:00+08:00,22.25,22.56999969482422,22.25,22.469999313354492,646476,0,0
2021-06-22 00:00:00+08:00,22.709999084472656,22.709999084472656,22.520000457763672,22.6200008392334,448000,0,0
2021-06-23 00:00:00+08:00,22.68000030517578,22.81999969482422,22.68000030517578,22.75,582000,0,0
2021-06-24 00:00:00+08:00,22.760000228881836,22.81999969482422,22.760000228881836,22.81999969482422,436000,0,0
2021-06-25 00:00:00+08:00,22.799999237060547,22.899999618530273,22.729999542236328,22.899999618530273,514605,0,0
2021-06-28 00:00:00+08:00,22.90999984741211,23.030000686645508,22.8799991607666,22.950000762939453,514000,0,0
2021-06-29 00:00:00+08:00,22.950000762939453,22.950000762939453,22.75,22.790000915527344,546034,0,0
2021-06-30 00:00:00+08:00,22.719999313354492,22.84000015258789,22.719999313354492,22.84000015258789,611000,0,0
2021-07-01 00:00:00+08:00,22.729999542236328,22.81999969482422,22.670000076293945,22.790000915527344,898000,0,0
2021-07-02 00:00:00+08:00,22.5,22.520000457763672,22.25,22.43000030517578,761050,0,0
2021-07-05 00:00:00+08:00,22.43000030517578,22.56999969482422,22.399999618530273,22.399999618530273,418000,0,0
2021-07-06 00:00:00+08:00,22.690000534057617,22.690000534057617,22.5,22.579999923706055,932392,0,0
2021-07-07 00:00:00+08:00,22.510000228881836,22.809999465942383,22.510000228881836,22.700000762939453,552000,0,0
2021-07-08 00:00:00+08:00,22.860000610351562,22.860000610351562,22.770000457763672,22.780000686645508,511000,0,0
2021-07-09 00:00:00+08:00,22.389999389648438,22.729999542236328,22.389999389648438,22.729999542236328,619000,0,0
2021-07-12 00:00:00+08:00,22.899999618530273,23.239999771118164,22.8799991607666,23.149999618530273,1104000,0,0
2021-07-13 00:00:00+08:00,23.239999771118164,23.34000015258789,23.229999542236328,23.260000228881836,711000,0,0
2021-07-14 00:00:00+08:00,23.149999618530273,23.31999969482422,23.149999618530273,23.31999969482422,705000,0,0
2021-07-15 00:00:00+08:00,23.31999969482422,23.31999969482422,23.0,23.1200008392334,446000,0,0
2021-07-16 00:00:00+08:00,23.309999465942383,23.459999084472656,23.229999542236328,23.43000030517578,935420,0,0
2021-07-19 00:00:00+08:00,23.239999771118164,23.34000015258789,23.18000030517578,23.260000228881836,660420,0,0
2021-07-20 00:00:00+08:00,23.079999923706055,23.100000381469727,23.079999923706055,23.100000381469727,405000,0,0
2021-07-21 00:00:00+08:00,23.149999618530273,23.450000762939453,23.149999618530273,23.440000534057617,582001,0,0
2021-07-22 00:00:00+08:00,23.440000534057617,23.600000381469727,23.440000534057617,23.56999969482422,599000,0,0
2021-07-23 00:00:00+08:00,23.600000381469727,23.68000030517578,23.450000762939453,23.469999313354492,1013000,0,0
2021-07-26 00:00:00+08:00,23.350000381469727,23.459999084472656,22.809999465942383,22.809999465942383,759000,0,0
2021-07-27 00:00:00+08:00,22.899999618530273,23.229999542236328,22.899999618530273,23.15999984741211,658213,0,0
2021-07-28 00:00:00+08:00,23.059999465942383,23.059999465942383,22.0,22.06999969482422,746000,0,0
2021-07-29 00:00:00+08:00,22.34000015258789,22.579999923706055,22.34000015258789,22.579999923706055,562000,0,0
2021-07-30 00:00:00+08:00,22.579999923706055,22.700000762939453,22.530000686645508,22.530000686645508,756000,0,0
2021-08-02 00:00:00+08:00,22.600000381469727,22.920000076293945,22.600000381469727,22.8799991607666,1099436,0,0
2021-08-03 00:00:00+08:00,22.8799991607666,23.079999923706055,22.8799991607666,23.020000457763672,943806,0,0
2021-08-04 00:00:00+08:00,23.020000457763672,23.09000015258789,23.020000457763672,23.09000015258789,450000,0,0
2021-08-05 00:00:00+08:00,23.15999984741211,23.15999984741211,23.09000015258789,23.1200008392334,432000,0,0
2021-08-06 00:00:00+08:00,23.15999984741211,23.190000534057617,22.989999771118164,22.989999771118164,599000,0,0
2021-08-09 00:00:00+08:00,22.979999542236328,23.229999542236328,22.959999084472656,23.229999542236328,561600,0,0
2021-08-10 00:00:00+08:00,23.15999984741211,23.360000610351562,23.15999984741211,23.31999969482422,525000,0,0
2021-08-11 00:00:00+08:00,23.399999618530273,23.5,23.399999618530273,23.440000534057617,458875,0,0
2021-08-12 00:00:00+08:00,23.5,23.6299991607666,23.5,23.6200008392334,447000,0,0
2021-08-13 00:00:00+08:00,23.600000381469727,23.75,23.510000228881836,23.510000228881836,701000,0,0
2021-08-16 00:00:00+08:00,23.84000015258789,23.84000015258789,23.520000457763672,23.700000762939453,894126,0,0
2021-08-17 00:00:00+08:00,23.649999618530273,23.649999618530273,23.299999237060547,23.299999237060547,569100,0,0
2021-08-18 00:00:00+08:00,23.020000457763672,23.139999389648438,23.020000457763672,23.1200008392334,438100,0,0
2021-08-19 00:00:00+08:00,23.0,23.139999389648438,22.8799991607666,23.139999389648438,442000,0,0
2021-08-20 00:00:00+08:00,23.149999618530273,23.190000534057617,22.850000381469727,22.850000381469727,564000,0,0
2021-08-23 00:00:00+08:00,22.850000381469727,23.440000534057617,22.850000381469727,23.420000076293945,678972,0,0
2021-08-24 00:00:00+08:00,23.420000076293945,23.739999771118164,23.420000076293945,23.700000762939453,950000,0,0
2021-08-25 00:00:00+08:00,23.719999313354492,23.81999969482422,23.579999923706055,23.770000457763672,673001,0,0
2021-08-26 00:00:00+08:00,23.770000457763672,23.940000534057617,23.770000457763672,23.940000534057617,1101000,0,0
2021-08-27 00:00:00+08:00,23.940000534057617,23.940000534057617,23.649999618530273,23.84000015258789,619210,0,0
2021-08-30 00:00:00+08:00,23.969999313354492,24.15999984741211,23.90999984741211,24.139999389648438,837176,0,0
2021-08-31 00:00:00+08:00,24.09000015258789,24.09000015258789,23.809999465942383,23.93000030517578,604000,0,0
2021-09-01 00:00:00+08:00,24.1200008392334,24.200000762939453,23.6299991607666,23.940000534057617,1211000,0,0
2021-09-02 00:00:00+08:00,24.0,24.299999237060547,23.989999771118164,24.219999313354492,940313,0,0
2021-09-03 00:00:00+08:00,24.399999618530273,24.5,24.030000686645508,24.219999313354492,876099,0,0
2021-09-06 00:00:00+08:00,24.139999389648438,24.3799991607666,23.989999771118164,24.290000915527344,651000,0,0
2021-09-07 00:00:00+08:00,24.299999237060547,24.799999237060547,24.299999237060547,24.799999237060547,571001,0,0
2021-09-08 00:00:00+08:00,24.799999237060547,24.989999771118164,24.799999237060547,24.93000030517578,671000,0,0
2021-09-09 00:00:00+08:00,24.899999618530273,25.190000534057617,24.899999618530273,25.170000076293945,917150,0,0
2021-09-10 00:00:00+08:00,25.350000381469727,25.399999618530273,25.139999389648438,25.299999237060547,820100,0,0
2021-09-13 00:00:00+08:00,25.299999237060547,25.3700008392334,25.200000762939453,25.270000457763672,604298,0,0
2021-09-14 00:00:00+08:00,25.399999618530273,25.579999923706055,25.149999618530273,25.510000228881836,889000,0,0
2021-09-15 00:00:00+08:00,25.0,25.3700008392334,24.979999542236328,25.25,560000,0,0
2021-09-16 00:00:00+08:00,25.219999313354492,25.5,25.079999923706055,25.219999313354492,820118,0,0
2021-09-17 00:00:00+08:00,25.139999389648438,25.139999389648438,24.510000228881836,24.6299991607666,544000,0,0
2021-09-22 00:00:00+08:00,24.010000228881836,24.809999465942383,23.90999984741211,24.809999465942383,770000,0,0
2021-09-23 00:00:00+08:00,25.0,25.18000030517578,25.0,25.049999237060547,535000,0,0
2021-09-24 00:00:00+08:00,25.149999618530273,25.149999618530273,24.780000686645508,24.799999237060547,642120,0,0
2021-09-27 00:00:00+08:00,24.729999542236328,24.829999923706055,23.920000076293945,24.010000228881836,764210,0,0
2021-09-28 00:00:00+08:00,24.010000228881836,24.18000030517578,24.010000228881836,24.1200008392334,505000,0,0
2021-09-29 00:00:00+08:00,23.989999771118164,23.989999771118164,23.469999313354492,23.579999923706055,620150,0,0
2021-09-30 00:00:00+08:00,23.579999923706055,23.75,23.579999923706055,23.75,819000,0,0
2021-10-01 00:00:00+08:00,23.65999984741211,23.719999313354492,23.649999618530273,23.690000534057617,489421,0,0
2021-10-04 00:00:00+08:00,23.530000686645508,23.809999465942383,23.510000228881836,23.760000228881836,322000,0,0
2021-10-05 00:00:00+08:00,23.600000381469727,23.68000030517578,23.5,23.68000030517578,322001,0,0
2021-10-06 00:00:00+08:00,23.700000762939453,23.700000762939453,23.540000915527344,23.700000762939453,327000,0,0
2021-10-07 00:00:00+08:00,23.899999618530273,23.899999618530273,23.81999969482422,23.899999618530273,314000,0,0
2021-10-08 00:00:00+08:00,24.040000915527344,24.190000534057617,23.899999618530273,23.959999084472656,377000,0,0
2021-10-12 00:00:00+08:00,24.0,24.09000015258789,23.75,23.75,568000,0,0
2021-10-13 00:00:00+08:00,23.5,23.649999618530273,23.3799991607666,23.649999618530273,561000,0,0
2021-10-14 00:00:00+08:00,23.739999771118164,23.8799991607666,23.719999313354492,23.8799991607666,344000,0,0
2021-10-15 00:00:00+08:00,23.979999542236328,23.979999542236328,23.81999969482422,23.899999618530273,342125,0,0
2021-10-18 00:00:00+08:00,23.899999618530273,23.969999313354492,23.770000457763672,23.950000762939453,479000,0,0
2021-10-19 00:00:00+08:00,24.020000457763672,24.219999313354492,24.020000457763672,24.200000762939453,368000,0,0
2021-10-20 00:00:00+08:00,24.079999923706055,24.440000534057617,24.040000915527344,24.280000686645508,413000,0,0
2021-10-21 00:00:00+08:00,24.239999771118164,24.299999237060547,24.200000762939453,24.200000762939453,436416,0,0
2021-10-22 00:00:00+08:00,24.200000762939453,24.200000762939453,24.010000228881836,24.010000228881836,250000,0,0
2021-10-25 00:00:00+08:00,23.93000030517578,24.09000015258789,23.899999618530273,24.059999465942383,418000,0,0
2021-10-26 00:00:00+08:00,24.1299991607666,24.329999923706055,24.1299991607666,24.18000030517578,497000,0,0
2021-10-27 00:00:00+08:00,23.959999084472656,23.959999084472656,23.770000457763672,23.8700008392334,309000,0,0
2021-10-28 00:00:00+08:00,23.75,23.75,23.579999923706055,23.600000381469727,328015,0,0
2021-10-29 00:00:00+08:00,23.5,23.6200008392334,23.5,23.59000015258789,365000,0,0
2021-11-01 00:00:00+08:00,23.549999237060547,23.899999618530273,23.540000915527344,23.899999618530273,412000,0,0
2021-11-02 00:00:00+08:00,23.899999618530273,23.899999618530273,23.530000686645508,23.530000686645508,374000,0,0
2021-11-03 00:00:00+08:00,23.700000762939453,23.75,23.68000030517578,23.68000030517578,347000,0,0
2021-11-04 00:00:00+08:00,23.8700008392334,23.940000534057617,23.850000381469727,23.899999618530273,374000,0,0
2021-11-05 00:00:00+08:00,23.90999984741211,23.940000534057617,23.780000686645508,23.780000686645508,424420,0,0
2021-11-08 00:00:00+08:00,23.68000030517578,23.799999237060547,23.549999237060547,23.760000228881836,377000,0,0
2021-11-09 00:00:00+08:00,23.780000686645508,23.799999237060547,23.780000686645508,23.799999237060547,304000,0,0
2021-11-10 00:00:00+08:00,23.5,23.549999237060547,23.40999984741211,23.540000915527344,354000,0,0
2021-11-11 00:00:00+08:00,23.809999465942383,23.950000762939453,23.809999465942383,23.950000762939453,320389,0,0
2021-11-12 00:00:00+08:00,23.959999084472656,24.1200008392334,23.959999084472656,24.1200008392334,329000,0,0
2021-11-15 00:00:00+08:00,24.459999084472656,24.459999084472656,23.969999313354492,23.969999313354492,352124,0,0
2021-11-16 00:00:00+08:00,24.5,24.5,23.979999542236328,23.979999542236328,342362,0,0
2021-11-17 00:00:00+08:00,23.799999237060547,23.979999542236328,23.719999313354492,23.950000762939453,327356,0,0
2021-11-18 00:00:00+08:00,24.049999237060547,24.079999923706055,24.020000457763672,24.06999969482422,370000,0,0
2021-11-19 00:00:00+08:00,23.860000610351562,24.0,23.860000610351562,24.0,308064,0,0
2021-11-22 00:00:00+08:00,24.309999465942383,24.3799991607666,24.299999237060547,24.329999923706055,341000,0,0
2021-11-23 00:00:00+08:00,24.489999771118164,24.549999237060547,24.43000030517578,24.540000915527344,349000,0,0
2021-11-24 00:00:00+08:00,24.510000228881836,24.510000228881836,24.3799991607666,24.440000534057617,331000,0,0
2021-11-25 00:00:00+08:00,24.420000076293945,24.420000076293945,24.360000610351562,24.389999389648438,280000,0,0
2021-11-26 00:00:00+08:00,24.360000610351562,24.389999389648438,24.299999237060547,24.31999969482422,364000,0,0
2021-11-29 00:00:00+08:00,24.139999389648438,24.299999237060547,24.110000610351562,24.299999237060547,312000,0,0
2021-11-30 00:00:00+08:00,24.450000762939453,24.450000762939453,24.40999984741211,24.420000076293945,304274,0,0
2021-12-01 00:00:00+08:00,24.350000381469727,24.389999389648438,24.34000015258789,24.34000015258789,318410,0,0
2021-12-02 00:00:00+08:00,24.479999542236328,24.479999542236328,24.309999465942383,24.309999465942383,314001,0,0
2021-12-03 00:00:00+08:00,24.350000381469727,24.479999542236328,24.299999237060547,24.479999542236328,637000,0,0
2021-12-06 00:00:00+08:00,24.479999542236328,24.639999389648438,24.479999542236328,24.600000381469727,395000,0,0
2021-12-07 00:00:00+08:00,24.34000015258789,24.420000076293945,24.0,24.239999771118164,513203,0,0
2021-12-08 00:00:00+08:00,23.90999984741211,24.549999237060547,23.90999984741211,24.549999237060547,357000,0,0
2021-12-09 00:00:00+08:00,24.889999389648438,24.889999389648438,24.610000610351562,24.770000457763672,362000,0,0
2021-12-10 00:00:00+08:00,24.690000534057617,24.690000534057617,24.65999984741211,24.68000030517578,310000,0,0
2021-12-13 00:00:00+08:00,24.68000030517578,24.700000762939453,24.600000381469727,24.700000762939453,315000,0,0
2021-12-14 00:00:00+08:00,24.790000915527344,24.799999237060547,24.639999389648438,24.690000534057617,312100,0,0
2021-12-15 00:00:00+08:00,24.600000381469727,24.770000457763672,24.59000015258789,24.719999313354492,313221,0,0
2021-12-16 00:00:00+08:00,24.709999084472656,24.760000228881836,24.610000610351562,24.760000228881836,393000,0,0
2021-12-17 00:00:00+08:00,24.760000228881836,24.760000228881836,24.579999923706055,24.610000610351562,379000,0,0
2021-12-20 00:00:00+08:00,24.479999542236328,24.479999542236328,24.25,24.25,305000,0,0
2021-12-21 00:00:00+08:00,24.290000915527344,24.350000381469727,24.229999542236328,24.350000381469727,325000,0,0
2021-12-22 00:00:00+08:00,24.31999969482422,24.510000228881836,24.31999969482422,24.510000228881836,332000,0,0
2021-12-23 00:00:00+08:00,24.510000228881836,24.6200008392334,24.479999542236328,24.579999923706055,325088,0,0
2021-12-24 00:00:00+08:00,24.579999923706055,24.579999923706055,24.40999984741211,24.450000762939453,327000,0,0
2021-12-27 00:00:00+08:00,24.450000762939453,24.59000015258789,24.40999984741211,24.40999984741211,424000,0,0
2021-12-28 00:00:00+08:00,24.389999389648438,24.389999389648438,24.260000228881836,24.34000015258789,313000,0,0
2021-12-29 00:00:00+08:00,24.260000228881836,24.350000381469727,24.219999313354492,24.219999313354492,360473,0,0
2021-12-30 00:00:00+08:00,24.440000534057617,24.479999542236328,24.440000534057617,24.479999542236328,217000,0,0
2022-01-03 00:00:00+08:00,24.579999923706055,24.6299991607666,24.559999465942383,24.600000381469727,354315,0,0
2022-01-04 00:00:00+08:00,24.450000762939453,24.510000228881836,24.450000762939453,24.450000762939453,307117,0,0
2022-01-05 00:00:00+08:00,24.40999984741211,24.40999984741211,24.020000457763672,24.059999465942383,403000,0,0
2022-01-06 00:00:00+08:00,24.229999542236328,24.290000915527344,23.940000534057617,24.079999923706055,343000,0,0
2022-01-07 00:00:00+08:00,24.139999389648438,24.229999542236328,24.1299991607666,24.229999542236328,314000,0,0
2022-01-10 00:00:00+08:00,24.229999542236328,24.229999542236328,23.979999542236328,24.1299991607666,355000,0,0
2022-01-11 00:00:00+08:00,23.969999313354492,24.040000915527344,23.969999313354492,24.0,334000,0,0
2022-01-12 00:00:00+08:00,23.950000762939453,24.020000457763672,23.950000762939453,23.979999542236328,316206,0,0
2022-01-13 00:00:00+08:00,24.06999969482422,24.06999969482422,23.950000762939453,23.950000762939453,319000,0,0
2022-01-14 00:00:00+08:00,23.860000610351562,23.860000610351562,23.75,23.799999237060547,323174,0,0
2022-01-17 00:00:00+08:00,23.520000457763672,24.0,23.520000457763672,24.0,340124,0,0
2022-01-18 00:00:00+08:00,24.020000457763672,24.049999237060547,24.0,24.0,341001,0,0
2022-01-19 00:00:00+08:00,23.989999771118164,23.989999771118164,23.899999618530273,23.899999618530273,333208,0,0
2022-01-20 00:00:00+08:00,23.889999389648438,24.010000228881836,23.8799991607666,23.8799991607666,365200,0,0
2022-01-21 00:00:00+08:00,23.799999237060547,23.799999237060547,23.5,23.56999969482422,335000,0,0
2022-01-24 00:00:00+08:00,23.31999969482422,23.649999618530273,23.31999969482422,23.6299991607666,164000,0,0
2022-01-25 00:00:00+08:00,23.719999313354492,23.719999313354492,23.020000457763672,23.079999923706055,350000,0,0
2022-01-26 00:00:00+08:00,22.760000228881836,22.989999771118164,22.75,22.81999969482422,336000,0,0
2022-02-07 00:00:00+08:00,22.799999237060547,22.799999237060547,22.5,22.549999237060547,332000,0,0
2022-02-08 00:00:00+08:00,22.549999237060547,22.579999923706055,22.350000381469727,22.3799991607666,381029,0,0
2022-02-09 00:00:00+08:00,22.649999618530273,23.059999465942383,22.649999618530273,23.059999465942383,348000,0,0
2022-02-10 00:00:00+08:00,23.010000228881836,23.110000610351562,23.010000228881836,23.079999923706055,365197,0,0
2022-02-11 00:00:00+08:00,23.0,23.079999923706055,23.0,23.079999923706055,307000,0,0
2022-02-14 00:00:00+08:00,23.0,23.0,22.68000030517578,22.68000030517578,313300,0,0
2022-02-15 00:00:00+08:00,22.68000030517578,22.809999465942383,22.68000030517578,22.809999465942383,302131,0,0
2022-02-16 00:00:00+08:00,23.15999984741211,23.15999984741211,23.0,23.030000686645508,328001,0,0
2022-02-17 00:00:00+08:00,23.030000686645508,23.170000076293945,23.0,23.079999923706055,340000,0,0
2022-02-18 00:00:00+08:00,23.149999618530273,23.229999542236328,23.149999618530273,23.229999542236328,304661,0,0
2022-02-21 00:00:00+08:00,23.25,23.299999237060547,23.25,23.299999237060547,315000,0,0
2022-02-22 00:00:00+08:00,23.350000381469727,23.350000381469727,22.940000534057617,22.940000534057617,446060,0,0
2022-02-23 00:00:00+08:00,23.25,23.399999618530273,23.25,23.399999618530273,309995,0,0
2022-02-24 00:00:00+08:00,23.440000534057617,23.489999771118164,23.200000762939453,23.31999969482422,425000,0,0
2022-02-25 00:00:00+08:00,23.579999923706055,23.700000762939453,23.3799991607666,23.3799991607666,407000,0,0
2022-03-01 00:00:00+08:00,23.3700008392334,23.75,23.3700008392334,23.489999771118164,383153,0,0
2022-03-02 00:00:00+08:00,23.479999542236328,23.479999542236328,23.43000030517578,23.450000762939453,312194,0,0
2022-03-03 00:00:00+08:00,23.56999969482422,23.56999969482422,23.5,23.520000457763672,421078,0,0
2022-03-04 00:00:00+08:00,23.5,23.5,23.31999969482422,23.350000381469727,313000,0,0
2022-03-07 00:00:00+08:00,23.25,23.25,23.049999237060547,23.06999969482422,375000,0,0
2022-03-08 00:00:00+08:00,22.690000534057617,22.690000534057617,22.18000030517578,22.420000076293945,509000,0,0
2022-03-09 00:00:00+08:00,22.200000762939453,22.200000762939453,21.700000762939453,21.700000762939453,507001,0,0
2022-03-10 00:00:00+08:00,21.719999313354492,22.350000381469727,21.719999313354492,22.270000457763672,357000,0,0
2022-03-11 00:00:00+08:00,21.8700008392334,21.8700008392334,21.700000762939453,21.700000762939453,314000,0,0
2022-03-14 00:00:00+08:00,21.780000686645508,22.239999771118164,21.780000686645508,22.200000762939453,318146,0,0
2022-03-15 00:00:00+08:00,21.600000381469727,21.600000381469727,21.079999923706055,21.31999969482422,393140,0,0
2022-03-16 00:00:00+08:00,20.719999313354492,21.1200008392334,20.34000015258789,21.1200008392334,562000,0,0
2022-03-17 00:00:00+08:00,21.549999237060547,21.989999771118164,21.549999237060547,21.93000030517578,377001,0,0
2022-03-18 00:00:00+08:00,21.649999618530273,21.649999618530273,21.420000076293945,21.520000457763672,371000,0,0
2022-03-21 00:00:00+08:00,21.600000381469727,21.90999984741211,21.600000381469727,21.65999984741211,348001,0,0
2022-03-22 00:00:00+08:00,21.889999389648438,21.899999618530273,21.850000381469727,21.899999618530273,333000,0,0
2022-03-23 00:00:00+08:00,22.049999237060547,22.049999237060547,21.920000076293945,21.93000030517578,303000,0,0
2022-03-24 00:00:00+08:00,21.93000030517578,21.93000030517578,21.799999237060547,21.799999237060547,306001,0,0
2022-03-25 00:00:00+08:00,21.959999084472656,21.959999084472656,21.829999923706055,21.829999923706055,350001,0,0
2022-03-28 00:00:00+08:00,21.770000457763672,21.889999389648438,21.459999084472656,21.829999923706055,246000,0,0
2022-03-29 00:00:00+08:00,21.760000228881836,21.760000228881836,21.739999771118164,21.760000228881836,338000,0,0
2022-03-30 00:00:00+08:00,21.889999389648438,21.889999389648438,21.81999969482422,21.850000381469727,321000,0,0
2022-03-31 00:00:00+08:00,22.110000610351562,22.110000610351562,21.979999542236328,22.020000457763672,381000,0,0
2022-04-01 00:00:00+08:00,21.739999771118164,22.18000030517578,21.739999771118164,22.049999237060547,174000,0,0
2022-04-06 00:00:00+08:00,21.959999084472656,22.059999465942383,21.790000915527344,22.059999465942383,287000,0,0
2022-04-07 00:00:00+08:00,21.959999084472656,21.959999084472656,21.770000457763672,21.770000457763672,362000,0,0
2022-04-08 00:00:00+08:00,21.700000762939453,21.8700008392334,21.670000076293945,21.8700008392334,317000,0,0
2022-04-11 00:00:00+08:00,21.6200008392334,21.6200008392334,21.350000381469727,21.3799991607666,358000,0,0
2022-04-12 00:00:00+08:00,21.170000076293945,21.34000015258789,21.049999237060547,21.34000015258789,379000,0,0
2022-04-13 00:00:00+08:00,21.350000381469727,21.350000381469727,21.270000457763672,21.299999237060547,314000,0,0
2022-04-14 00:00:00+08:00,21.309999465942383,21.450000762939453,21.309999465942383,21.350000381469727,307000,0,0
2022-04-15 00:00:00+08:00,21.350000381469727,21.479999542236328,21.309999465942383,21.469999313354492,357000,0,0
2022-04-18 00:00:00+08:00,21.100000381469727,21.399999618530273,21.100000381469727,21.399999618530273,435000,0,0
2022-04-19 00:00:00+08:00,21.510000228881836,21.579999923706055,21.489999771118164,21.579999923706055,344000,0,0
2022-04-20 00:00:00+08:00,21.350000381469727,21.350000381469727,21.239999771118164,21.239999771118164,318000,0,0
2022-04-21 00:00:00+08:00,20.829999923706055,20.829999923706055,20.389999389648438,20.450000762939453,338014,0,0
2022-04-22 00:00:00+08:00,20.0,20.049999237060547,19.850000381469727,19.979999542236328,360015,0,0
2022-04-25 00:00:00+08:00,19.5,19.5,19.190000534057617,19.190000534057617,444015,0,0
2022-04-26 00:00:00+08:00,18.600000381469727,18.790000915527344,18.280000686645508,18.639999389648438,391030,0,0
2022-04-27 00:00:00+08:00,18.540000915527344,18.540000915527344,17.8799991607666,18.520000457763672,646233,0,0
2022-04-28 00:00:00+08:00,18.799999237060547,18.799999237060547,18.520000457763672,18.520000457763672,424000,0,0
2022-04-29 00:00:00+08:00,18.709999084472656,19.219999313354492,18.709999084472656,19.049999237060547,564000,0,0
2022-05-03 00:00:00+08:00,18.899999618530273,19.280000686645508,18.899999618530273,19.18000030517578,515100,0,0
2022-05-04 00:00:00+08:00,19.149999618530273,19.15999984741211,19.1299991607666,19.139999389648438,300004,0,0
2022-05-05 00:00:00+08:00,19.329999923706055,19.59000015258789,19.209999084472656,19.559999465942383,330506,0,0
2022-05-06 00:00:00+08:00,19.200000762939453,19.25,18.950000762939453,19.09000015258789,407000,0,0
2022-05-09 00:00:00+08:00,19.09000015258789,19.09000015258789,18.940000534057617,18.940000534057617,327100,0,0
2022-05-10 00:00:00+08:00,19.18000030517578,19.200000762939453,19.15999984741211,19.200000762939453,306000,0,0
2022-05-11 00:00:00+08:00,19.450000762939453,19.799999237060547,19.450000762939453,19.799999237060547,415000,0,0
2022-05-12 00:00:00+08:00,19.559999465942383,19.559999465942383,19.450000762939453,19.549999237060547,306000,0,0
2022-05-13 00:00:00+08:00,19.479999542236328,19.479999542236328,19.43000030517578,19.43000030517578,311001,0,0
2022-05-16 00:00:00+08:00,19.81999969482422,19.81999969482422,19.459999084472656,19.610000610351562,368000,0,0
2022-05-17 00:00:00+08:00,19.540000915527344,19.56999969482422,19.520000457763672,19.56999969482422,305000,0,0
2022-05-18 00:00:00+08:00,19.6200008392334,19.649999618530273,19.600000381469727,19.639999389648438,302000,0,0
2022-05-19 00:00:00+08:00,19.610000610351562,19.719999313354492,19.610000610351562,19.719999313354492,371000,0,0
2022-05-20 00:00:00+08:00,19.809999465942383,20.079999923706055,19.809999465942383,20.079999923706055,340254,0,0
2022-05-23 00:00:00+08:00,20.1200008392334,20.309999465942383,20.1200008392334,20.209999084472656,342044,0,0
2022-05-24 00:00:00+08:00,20.389999389648438,20.389999389648438,19.950000762939453,19.950000762939453,374000,0,0
2022-05-25 00:00:00+08:00,19.790000915527344,19.829999923706055,19.790000915527344,19.829999923706055,336899,0,0
2022-05-26 00:00:00+08:00,20.079999923706055,20.079999923706055,19.559999465942383,19.959999084472656,396000,0,0
2022-05-27 00:00:00+08:00,19.959999084472656,19.979999542236328,19.850000381469727,19.850000381469727,401000,0,0
2022-05-30 00:00:00+08:00,19.84000015258789,19.969999313354492,19.84000015258789,19.969999313354492,303000,0,0
2022-05-31 00:00:00+08:00,19.969999313354492,20.1200008392334,19.809999465942383,20.030000686645508,376000,0,0
2022-06-01 00:00:00+08:00,20.1299991607666,20.219999313354492,20.1299991607666,20.18000030517578,324454,0,0
2022-06-02 00:00:00+08:00,20.209999084472656,20.479999542236328,20.209999084472656,20.450000762939453,337040,0,0
2022-06-06 00:00:00+08:00,20.760000228881836,21.100000381469727,20.690000534057617,21.010000228881836,390477,0,0
2022-06-07 00:00:00+08:00,21.100000381469727,21.18000030517578,21.010000228881836,21.100000381469727,372000,0,0
2022-06-08 00:00:00+08:00,21.020000457763672,21.270000457763672,20.889999389648438,20.889999389648438,484000,0,0
2022-06-09 00:00:00+08:00,21.209999084472656,21.209999084472656,20.989999771118164,20.989999771118164,352000,0,0
2022-06-10 00:00:00+08:00,21.170000076293945,21.18000030517578,21.110000610351562,21.18000030517578,323050,0,0
2022-06-13 00:00:00+08:00,21.100000381469727,21.139999389648438,21.100000381469727,21.139999389648438,309000,0,0
2022-06-14 00:00:00+08:00,20.84000015258789,20.889999389648438,20.719999313354492,20.729999542236328,368000,0,0
2022-06-15 00:00:00+08:00,21.329999923706055,21.81999969482422,21.329999923706055,21.65999984741211,434000,0,0
2022-06-16 00:00:00+08:00,21.75,21.780000686645508,21.59000015258789,21.690000534057617,430469,0,0
2022-06-17 00:00:00+08:00,21.559999465942383,21.559999465942383,21.34000015258789,21.489999771118164,309001,0,0
2022-06-20 00:00:00+08:00,21.760000228881836,21.8799991607666,21.649999618530273,21.809999465942383,411000,0,0
2022-06-21 00:00:00+08:00,21.790000915527344,21.790000915527344,21.68000030517578,21.700000762939453,311154,0,0
2022-06-22 00:00:00+08:00,21.510000228881836,21.510000228881836,21.399999618530273,21.440000534057617,320000,0,0
2022-06-23 00:00:00+08:00,21.280000686645508,21.440000534057617,21.280000686645508,21.440000534057617,307000,0,0
2022-06-24 00:00:00+08:00,21.850000381469727,22.0,21.84000015258789,21.860000610351562,333300,0,0
2022-06-27 00:00:00+08:00,21.860000610351562,22.170000076293945,21.860000610351562,21.959999084472656,338300,0,0
2022-06-28 00:00:00+08:00,21.84000015258789,22.100000381469727,21.84000015258789,22.100000381469727,318200,0,0
2022-06-29 00:00:00+08:00,22.290000915527344,22.329999923706055,22.0,22.0,319000,0,0
2022-06-30 00:00:00+08:00,22.0,22.3700008392334,22.0,22.3700008392334,363010,0,0
2022-07-01 00:00:00+08:00,22.15999984741211,22.25,22.15999984741211,22.25,44000,0,0
2022-07-04 00:00:00+08:00,22.25,22.459999084472656,22.25,22.459999084472656,23000,0,0
2022-07-05 00:00:00+08:00,22.459999084472656,22.459999084472656,22.3700008392334,22.3700008392334,7000,0,0
2022-07-06 00:00:00+08:00,22.510000228881836,22.510000228881836,22.059999465942383,22.15999984741211,146000,0,0
2022-07-07 00:00:00+08:00,22.139999389648438,22.31999969482422,22.139999389648438,22.31999969482422,77101,0,0
2022-07-08 00:00:00+08:00,22.25,22.25,22.079999923706055,22.079999923706055,67110,0,0
2022-07-11 00:00:00+08:00,21.75,21.75,21.639999389648438,21.639999389648438,86000,0,0
2022-07-12 00:00:00+08:00,21.770000457763672,21.770000457763672,21.5,21.549999237060547,124000,0,0
2022-07-13 00:00:00+08:00,21.420000076293945,21.579999923706055,21.3799991607666,21.549999237060547,210000,0,0
2022-07-14 00:00:00+08:00,21.469999313354492,21.829999923706055,21.469999313354492,21.81999969482422,119000,0,0
2022-07-15 00:00:00+08:00,21.5,21.68000030517578,21.5,21.579999923706055,139091,0,0
2022-07-18 00:00:00+08:00,21.25,21.700000762939453,21.229999542236328,21.65999984741211,229268,0,0
2022-07-19 00:00:00+08:00,21.700000762939453,21.700000762939453,21.700000762939453,21.700000762939453,70401,0,0
2022-07-20 00:00:00+08:00,21.739999771118164,22.0,21.739999771118164,21.93000030517578,64400,0,0
2022-07-21 00:00:00+08:00,21.920000076293945,21.940000534057617,21.920000076293945,21.920000076293945,71000,0,0
2022-07-22 00:00:00+08:00,21.739999771118164,21.790000915527344,21.399999618530273,21.459999084472656,98000,0,0
2022-07-25 00:00:00+08:00,21.559999465942383,21.559999465942383,21.3700008392334,21.3700008392334,67000,0,0
2022-07-26 00:00:00+08:00,21.420000076293945,21.690000534057617,21.3799991607666,21.670000076293945,90000,0,0
2022-07-27 00:00:00+08:00,21.549999237060547,21.65999984741211,21.549999237060547,21.65999984741211,64000,0,0
2022-07-28 00:00:00+08:00,21.729999542236328,21.920000076293945,21.729999542236328,21.90999984741211,141000,0,0
2022-07-29 00:00:00+08:00,21.889999389648438,21.889999389648438,21.700000762939453,21.700000762939453,91452,0,0
2022-08-01 00:00:00+08:00,21.579999923706055,21.84000015258789,21.579999923706055,21.799999237060547,76000,0,0
2022-08-02 00:00:00+08:00,21.25,21.25,21.049999237060547,21.079999923706055,76000,0,0
2022-08-03 00:00:00+08:00,21.0,21.440000534057617,21.0,21.389999389648438,200000,0,0
2022-08-04 00:00:00+08:00,21.190000534057617,21.190000534057617,21.010000228881836,21.010000228881836,64000,0,0
2022-08-05 00:00:00+08:00,21.309999465942383,21.309999465942383,21.25,21.25,124006,0,0
2022-08-08 00:00:00+08:00,21.25,21.719999313354492,21.25,21.709999084472656,191000,0,0
2022-08-09 00:00:00+08:00,21.729999542236328,21.75,21.729999542236328,21.75,71000,0,0
2022-08-10 00:00:00+08:00,21.8799991607666,21.8799991607666,21.760000228881836,21.760000228881836,151014,0,0
2022-08-11 00:00:00+08:00,21.979999542236328,22.079999923706055,21.899999618530273,22.06999969482422,545000,0,0
2022-08-12 00:00:00+08:00,22.200000762939453,22.239999771118164,22.18000030517578,22.200000762939453,129109,0,0
2022-08-15 00:00:00+08:00,22.139999389648438,22.15999984741211,22.049999237060547,22.110000610351562,165000,0,0
2022-08-16 00:00:00+08:00,22.110000610351562,22.200000762939453,22.059999465942383,22.1200008392334,220451,0,0
2022-08-17 00:00:00+08:00,22.030000686645508,22.18000030517578,21.93000030517578,22.139999389648438,157100,0,0
2022-08-18 00:00:00+08:00,22.110000610351562,22.110000610351562,22.030000686645508,22.049999237060547,72000,0,0
2022-08-19 00:00:00+08:00,22.079999923706055,22.079999923706055,21.899999618530273,21.950000762939453,65000,0,0
2022-08-22 00:00:00+08:00,21.65999984741211,21.65999984741211,21.639999389648438,21.639999389648438,46000,0,0
2022-08-23 00:00:00+08:00,22.09000015258789,22.09000015258789,21.860000610351562,22.0,144000,0,0
2022-08-24 00:00:00+08:00,22.0,22.040000915527344,21.549999237060547,21.549999237060547,148000,0,0
2022-08-25 00:00:00+08:00,21.549999237060547,21.549999237060547,21.329999923706055,21.5,74003,0,0
2022-08-26 00:00:00+08:00,21.780000686645508,21.780000686645508,21.600000381469727,21.600000381469727,241000,0,0
2022-08-29 00:00:00+08:00,21.34000015258789,21.389999389648438,21.25,21.34000015258789,218045,0,0
2022-08-30 00:00:00+08:00,21.459999084472656,21.459999084472656,21.260000228881836,21.260000228881836,194000,0,0
2022-08-31 00:00:00+08:00,21.149999618530273,21.280000686645508,21.010000228881836,21.09000015258789,682000,0,0
2022-09-01 00:00:00+08:00,20.850000381469727,21.09000015258789,20.850000381469727,21.06999969482422,311000,0,0
2022-09-02 00:00:00+08:00,21.040000915527344,21.1299991607666,21.010000228881836,21.1299991607666,363000,0,0
2022-09-05 00:00:00+08:00,20.93000030517578,21.170000076293945,20.93000030517578,21.15999984741211,126000,0,0
2022-09-06 00:00:00+08:00,21.329999923706055,21.510000228881836,21.25,21.5,88000,0,0
2022-09-07 00:00:00+08:00,21.270000457763672,21.559999465942383,21.270000457763672,21.559999465942383,84000,0,0
2022-09-08 00:00:00+08:00,21.559999465942383,21.56999969482422,21.520000457763672,21.56999969482422,63000,0,0
2022-09-12 00:00:00+08:00,21.65999984741211,21.65999984741211,21.6200008392334,21.6299991607666,105000,0,0
2022-09-13 00:00:00+08:00,21.860000610351562,21.860000610351562,21.780000686645508,21.809999465942383,212000,0,0
2022-09-14 00:00:00+08:00,21.420000076293945,21.559999465942383,21.420000076293945,21.479999542236328,135000,0,0
2022-09-15 00:00:00+08:00,21.579999923706055,21.579999923706055,21.110000610351562,21.110000610351562,258472,0,0
2022-09-16 00:00:00+08:00,20.899999618530273,21.0,20.770000457763672,20.780000686645508,337001,0,0
2022-09-19 00:00:00+08:00,20.549999237060547,20.639999389648438,20.440000534057617,20.540000915527344,666000,0,0
2022-09-20 00:00:00+08:00,20.6200008392334,20.719999313354492,20.6200008392334,20.68000030517578,97000,0,0
2022-09-21 00:00:00+08:00,20.520000457763672,20.530000686645508,20.399999618530273,20.530000686645508,345000,0,0
2022-09-22 00:00:00+08:00,20.399999618530273,20.610000610351562,20.389999389648438,20.610000610351562,106000,0,0
2022-09-23 00:00:00+08:00,20.610000610351562,20.610000610351562,20.100000381469727,20.209999084472656,136000,0,0
2022-09-26 00:00:00+08:00,20.309999465942383,20.360000610351562,20.020000457763672,20.18000030517578,142000,0,0
2022-09-27 00:00:00+08:00,20.06999969482422,20.06999969482422,20.049999237060547,20.049999237060547,71000,0,0
2022-09-28 00:00:00+08:00,20.100000381469727,20.100000381469727,19.770000457763672,19.770000457763672,147000,0,0
2022-09-29 00:00:00+08:00,19.850000381469727,19.969999313354492,19.850000381469727,19.899999618530273,337434,0,0
2022-09-30 00:00:00+08:00,19.979999542236328,19.989999771118164,19.81999969482422,19.860000610351562,161000,0,0
2022-10-03 00:00:00+08:00,19.799999237060547,19.84000015258789,19.610000610351562,19.610000610351562,262000,0,0
2022-10-04 00:00:00+08:00,19.799999237060547,19.860000610351562,19.739999771118164,19.84000015258789,156000,0,0
2022-10-05 00:00:00+08:00,20.15999984741211,20.350000381469727,20.110000610351562,20.350000381469727,235000,0,0
2022-10-06 00:00:00+08:00,20.34000015258789,20.420000076293945,20.309999465942383,20.3700008392334,77000,0,0
2022-10-07 00:00:00+08:00,20.229999542236328,20.229999542236328,20.190000534057617,20.190000534057617,61000,0,0
2022-10-11 00:00:00+08:00,19.780000686645508,19.780000686645508,19.3700008392334,19.43000030517578,353002,0,0
2022-10-12 00:00:00+08:00,19.600000381469727,19.600000381469727,19.260000228881836,19.260000228881836,74000,0,0
2022-10-13 00:00:00+08:00,20.010000228881836,20.1200008392334,20.0,20.059999465942383,218000,0,0
2022-10-14 00:00:00+08:00,20.15999984741211,20.5,20.15999984741211,20.5,100000,0,0
2022-10-17 00:00:00+08:00,20.389999389648438,20.549999237060547,20.389999389648438,20.540000915527344,156000,0,0
2022-10-18 00:00:00+08:00,20.59000015258789,20.760000228881836,20.59000015258789,20.670000076293945,127342,0,0
2022-10-19 00:00:00+08:00,20.559999465942383,20.559999465942383,20.540000915527344,20.540000915527344,65003,0,0
2022-10-20 00:00:00+08:00,20.43000030517578,20.56999969482422,20.43000030517578,20.56999969482422,412138,0,0
2022-10-21 00:00:00+08:00,20.31999969482422,20.3799991607666,20.31999969482422,20.3799991607666,123000,0,0
2022-10-24 00:00:00+08:00,20.3799991607666,20.43000030517578,20.280000686645508,20.360000610351562,140000,0,0
2022-10-25 00:00:00+08:00,20.030000686645508,20.09000015258789,19.799999237060547,20.020000457763672,329000,0,0
2022-10-26 00:00:00+08:00,20.020000457763672,20.3799991607666,20.010000228881836,20.360000610351562,22000,0,0
2022-10-27 00:00:00+08:00,20.40999984741211,20.420000076293945,20.360000610351562,20.360000610351562,120000,0,0
2022-10-28 00:00:00+08:00,20.110000610351562,20.18000030517578,20.030000686645508,20.059999465942383,94000,0,0
2022-10-31 00:00:00+08:00,19.760000228881836,19.850000381469727,19.540000915527344,19.829999923706055,102000,0,0
2022-11-01 00:00:00+08:00,19.700000762939453,19.8700008392334,19.690000534057617,19.770000457763672,137000,0,0
2022-11-02 00:00:00+08:00,20.25,20.309999465942383,20.25,20.309999465942383,78000,0,0
2022-11-03 00:00:00+08:00,20.270000457763672,20.270000457763672,20.190000534057617,20.190000534057617,62000,0,0
2022-11-04 00:00:00+08:00,20.700000762939453,20.8700008392334,20.700000762939453,20.850000381469727,77000,0,0
2022-11-07 00:00:00+08:00,20.850000381469727,21.1299991607666,20.850000381469727,21.040000915527344,84000,0,0
2022-11-08 00:00:00+08:00,20.75,20.780000686645508,20.75,20.75,76000,0,0
2022-11-10 00:00:00+08:00,20.5,20.5,20.459999084472656,20.459999084472656,70000,0,0
